-- phpMyAdmin SQL Dump
-- version 4.9.0.1
-- https://www.phpmyadmin.net/
--
-- Host: 127.0.0.1
-- Generation Time: May 27, 2024 at 03:08 AM
-- Server version: 10.4.6-MariaDB
-- PHP Version: 7.3.9

SET SQL_MODE = "NO_AUTO_VALUE_ON_ZERO";
SET AUTOCOMMIT = 0;
START TRANSACTION;
SET time_zone = "+00:00";


/*!40101 SET @OLD_CHARACTER_SET_CLIENT=@@CHARACTER_SET_CLIENT */;
/*!40101 SET @OLD_CHARACTER_SET_RESULTS=@@CHARACTER_SET_RESULTS */;
/*!40101 SET @OLD_COLLATION_CONNECTION=@@COLLATION_CONNECTION */;
/*!40101 SET NAMES utf8mb4 */;

--
-- Database: `m3_ses`
--

-- --------------------------------------------------------

--
-- Table structure for table `bahan_baku`
--

CREATE TABLE `bahan_baku` (
  `id_bb` int(11) NOT NULL,
  `id_user` int(11) NOT NULL,
  `nama_bb` varchar(125) NOT NULL,
  `keterangan` text NOT NULL,
  `harga` varchar(15) NOT NULL,
  `gambar` text DEFAULT NULL
) ENGINE=InnoDB DEFAULT CHARSET=latin1;

--
-- Dumping data for table `bahan_baku`
--

INSERT INTO `bahan_baku` (`id_bb`, `id_user`, `nama_bb`, `keterangan`, `harga`, `gambar`) VALUES
(1, 2, 'Bahan Baku A', 'pcs', '100000', 'bb.jpg'),
(2, 2, 'Bahan Baku B', 'pcs', '100000', 'bb.jpg'),
(3, 2, 'Bahan Baku C', 'pcs', '100000', 'bb.jpg'),
(4, 2, 'Bahan Baku D', 'pcs', '100000', 'bb.jpg'),
(5, 2, 'Bahan Baku E', 'pcs', '100000', 'bb.jpg');

-- --------------------------------------------------------

--
-- Table structure for table `bb_keluar`
--

CREATE TABLE `bb_keluar` (
  `id_bb_keluar` int(11) NOT NULL,
  `id_detail` int(11) NOT NULL,
  `tgl_keluar` varchar(15) NOT NULL,
  `jumlah` int(11) NOT NULL
) ENGINE=InnoDB DEFAULT CHARSET=latin1;

--
-- Dumping data for table `bb_keluar`
--

INSERT INTO `bb_keluar` (`id_bb_keluar`, `id_detail`, `tgl_keluar`, `jumlah`) VALUES
(1, 1, '2024-04-27', 2);

-- --------------------------------------------------------

--
-- Table structure for table `detail_transaksi`
--

CREATE TABLE `detail_transaksi` (
  `id_detail` int(11) NOT NULL,
  `id_transaksi` int(11) NOT NULL,
  `id_bb` int(11) NOT NULL,
  `qty` int(11) NOT NULL,
  `sisa` int(11) NOT NULL
) ENGINE=InnoDB DEFAULT CHARSET=latin1;

--
-- Dumping data for table `detail_transaksi`
--

INSERT INTO `detail_transaksi` (`id_detail`, `id_transaksi`, `id_bb`, `qty`, `sisa`) VALUES
(1, 1, 3, 19, 0),
(2, 2, 3, 8, 0),
(3, 3, 3, 8, 0),
(4, 4, 4, 4, 0),
(5, 5, 1, 1, 0),
(6, 6, 5, 13, 0),
(7, 7, 1, 20, 0),
(8, 8, 4, 16, 0),
(9, 9, 2, 17, 0),
(10, 10, 5, 15, 0),
(11, 11, 1, 8, 0),
(12, 12, 4, 21, 0),
(13, 13, 5, 19, 0),
(14, 14, 1, 4, 0),
(15, 15, 3, 21, 0),
(16, 16, 3, 19, 0),
(17, 17, 5, 9, 0),
(18, 18, 1, 24, 0),
(19, 19, 3, 13, 0),
(20, 20, 4, 24, 0),
(21, 21, 2, 9, 0),
(22, 22, 4, 21, 0),
(23, 23, 1, 7, 0),
(24, 24, 4, 10, 0),
(25, 25, 3, 11, 0),
(26, 26, 3, 20, 0),
(27, 27, 2, 17, 0),
(28, 28, 1, 19, 0),
(29, 29, 4, 5, 0),
(30, 30, 5, 6, 0),
(31, 31, 4, 10, 0),
(32, 32, 1, 9, 0),
(33, 33, 1, 12, 0),
(34, 34, 4, 9, 0),
(35, 35, 5, 24, 0),
(36, 36, 4, 23, 0),
(37, 37, 3, 24, 0),
(38, 38, 4, 15, 0),
(39, 39, 4, 22, 0),
(40, 40, 1, 15, 0),
(41, 41, 2, 25, 0),
(42, 42, 5, 4, 0),
(43, 43, 4, 23, 0),
(44, 44, 1, 19, 0),
(45, 45, 2, 4, 0),
(46, 46, 4, 3, 0),
(47, 47, 5, 6, 0),
(48, 48, 1, 6, 0),
(49, 49, 5, 1, 0),
(50, 50, 3, 14, 0),
(51, 51, 2, 25, 0),
(52, 52, 5, 13, 0),
(53, 53, 5, 15, 0),
(54, 54, 4, 21, 0),
(55, 55, 5, 24, 0),
(56, 56, 5, 18, 0),
(57, 57, 3, 19, 0),
(58, 58, 3, 2, 0),
(59, 59, 2, 19, 0),
(60, 60, 4, 4, 0),
(61, 61, 4, 23, 0),
(62, 62, 5, 3, 0),
(63, 63, 3, 14, 0),
(64, 64, 3, 18, 0),
(65, 65, 5, 2, 0),
(66, 66, 3, 12, 0),
(67, 67, 4, 21, 0),
(68, 68, 3, 12, 0),
(69, 69, 5, 13, 0),
(70, 70, 2, 11, 0),
(71, 71, 3, 6, 0),
(72, 72, 4, 25, 0),
(73, 73, 2, 8, 0),
(74, 74, 2, 2, 0),
(75, 75, 2, 1, 0),
(76, 76, 3, 12, 0),
(77, 77, 4, 13, 0),
(78, 78, 1, 14, 0),
(79, 79, 3, 15, 0),
(80, 80, 1, 18, 0),
(81, 81, 5, 9, 0),
(82, 82, 2, 23, 0),
(83, 83, 5, 13, 0),
(84, 84, 2, 8, 0),
(85, 85, 4, 3, 0),
(86, 86, 4, 6, 0),
(87, 87, 2, 21, 0),
(88, 88, 1, 16, 0),
(89, 89, 5, 17, 0),
(90, 90, 4, 7, 0),
(91, 91, 1, 23, 0),
(92, 92, 5, 20, 0),
(93, 93, 2, 18, 0),
(94, 94, 3, 16, 0),
(95, 95, 1, 7, 0),
(96, 96, 5, 4, 0),
(97, 97, 4, 17, 0),
(98, 98, 1, 11, 0),
(99, 99, 4, 3, 0),
(100, 100, 3, 3, 0),
(101, 101, 5, 13, 0),
(102, 102, 1, 5, 0),
(103, 103, 1, 10, 0),
(104, 104, 2, 21, 0),
(105, 105, 1, 17, 0),
(106, 106, 1, 14, 0),
(107, 107, 2, 7, 0),
(108, 108, 5, 4, 0),
(109, 109, 4, 3, 0),
(110, 110, 3, 25, 0),
(111, 111, 4, 24, 0),
(112, 112, 2, 2, 0),
(113, 113, 3, 19, 0),
(114, 114, 1, 5, 0),
(115, 115, 1, 14, 0),
(116, 116, 4, 12, 0),
(117, 117, 2, 23, 0),
(118, 118, 4, 7, 0),
(119, 119, 2, 15, 0),
(120, 120, 1, 17, 0),
(121, 121, 5, 20, 0),
(122, 122, 2, 6, 0),
(123, 123, 3, 14, 0),
(124, 124, 5, 21, 0),
(125, 125, 2, 17, 0),
(126, 126, 1, 22, 0),
(127, 127, 5, 4, 0),
(128, 128, 2, 11, 0),
(129, 129, 1, 20, 0),
(130, 130, 4, 12, 0),
(131, 131, 1, 14, 0),
(132, 132, 1, 14, 0),
(133, 133, 2, 6, 0),
(134, 134, 2, 7, 0),
(135, 135, 1, 8, 0),
(136, 136, 4, 15, 0),
(137, 137, 4, 2, 0),
(138, 138, 4, 8, 0),
(139, 139, 3, 11, 0),
(140, 140, 3, 18, 0),
(141, 141, 1, 15, 0),
(142, 142, 1, 4, 0),
(143, 143, 3, 3, 0),
(144, 144, 4, 18, 0),
(145, 145, 2, 22, 0),
(146, 146, 3, 13, 0),
(147, 147, 5, 22, 0),
(148, 148, 1, 3, 0),
(149, 149, 4, 23, 0),
(150, 150, 4, 25, 0),
(151, 151, 3, 12, 0),
(152, 152, 2, 3, 0),
(153, 153, 4, 7, 0),
(154, 154, 4, 2, 0),
(155, 155, 5, 13, 0),
(156, 156, 1, 11, 0),
(157, 157, 1, 21, 0),
(158, 158, 2, 3, 0),
(159, 159, 3, 10, 0),
(160, 160, 4, 1, 0),
(161, 161, 1, 10, 0),
(162, 162, 4, 19, 0),
(163, 163, 1, 20, 0),
(164, 164, 1, 4, 0),
(165, 165, 2, 18, 0),
(166, 166, 5, 3, 0),
(167, 167, 1, 2, 0),
(168, 168, 2, 19, 0),
(169, 169, 4, 25, 0),
(170, 170, 1, 8, 0),
(171, 171, 3, 9, 0),
(172, 172, 1, 16, 0),
(173, 173, 1, 2, 0),
(174, 174, 3, 23, 0),
(175, 175, 1, 20, 0),
(176, 176, 4, 8, 0),
(177, 177, 1, 13, 0),
(178, 178, 3, 25, 0),
(179, 179, 1, 17, 0),
(180, 180, 4, 16, 0),
(181, 181, 2, 1, 0),
(182, 182, 3, 12, 0),
(183, 183, 4, 3, 0),
(184, 184, 3, 4, 0),
(185, 185, 1, 11, 0),
(186, 186, 2, 9, 0),
(187, 187, 5, 22, 0),
(188, 188, 5, 2, 0),
(189, 189, 1, 19, 0),
(190, 190, 4, 19, 0),
(191, 191, 5, 7, 0),
(192, 192, 1, 10, 0),
(193, 193, 4, 23, 0),
(194, 194, 1, 9, 0),
(195, 195, 3, 5, 0),
(196, 196, 1, 9, 0),
(197, 197, 4, 14, 0),
(198, 198, 3, 21, 0),
(199, 199, 2, 8, 0),
(200, 200, 3, 10, 0),
(201, 201, 1, 13, 0),
(202, 202, 1, 11, 0),
(203, 203, 5, 7, 0),
(204, 204, 3, 15, 0),
(205, 205, 1, 21, 0),
(206, 206, 1, 1, 0),
(207, 207, 5, 2, 0),
(208, 208, 4, 14, 0),
(209, 209, 1, 11, 0),
(210, 210, 3, 4, 0),
(211, 211, 5, 11, 0),
(212, 212, 4, 8, 0),
(213, 213, 1, 5, 0),
(214, 214, 2, 22, 0),
(215, 215, 4, 17, 0),
(216, 216, 3, 3, 0),
(217, 217, 4, 5, 0),
(218, 218, 5, 6, 0),
(219, 219, 1, 8, 0),
(220, 220, 3, 8, 0),
(221, 221, 1, 4, 0),
(222, 222, 4, 25, 0),
(223, 223, 4, 6, 0),
(224, 224, 1, 14, 0),
(225, 225, 2, 11, 0),
(226, 226, 3, 13, 0),
(227, 227, 4, 3, 0),
(228, 228, 3, 7, 0),
(229, 229, 3, 17, 0),
(230, 230, 4, 3, 0),
(231, 231, 3, 20, 0),
(232, 232, 5, 5, 0),
(233, 233, 3, 18, 0),
(234, 234, 5, 25, 0),
(235, 235, 4, 25, 0),
(236, 236, 1, 3, 0),
(237, 237, 2, 2, 0),
(238, 238, 5, 25, 0),
(239, 239, 4, 20, 0),
(240, 240, 2, 12, 0),
(241, 241, 5, 23, 0),
(242, 242, 4, 22, 0),
(243, 243, 3, 11, 0),
(244, 244, 2, 14, 0),
(245, 245, 5, 6, 0),
(246, 246, 4, 6, 0),
(247, 247, 5, 10, 0),
(248, 248, 2, 25, 0),
(249, 249, 4, 25, 0),
(250, 250, 3, 14, 0),
(251, 251, 5, 20, 0),
(252, 252, 5, 8, 0),
(253, 253, 5, 8, 0),
(254, 254, 5, 21, 0),
(255, 255, 2, 12, 0),
(256, 256, 5, 14, 0),
(257, 257, 2, 1, 0),
(258, 258, 3, 20, 0),
(259, 259, 3, 7, 0),
(260, 260, 5, 7, 0),
(261, 261, 3, 20, 0),
(262, 262, 3, 11, 0),
(263, 263, 4, 15, 0),
(264, 264, 3, 14, 0),
(265, 265, 1, 19, 0),
(266, 266, 3, 19, 0),
(267, 267, 5, 19, 0),
(268, 268, 4, 16, 0),
(269, 269, 4, 6, 0),
(270, 270, 3, 18, 0),
(271, 271, 5, 22, 0),
(272, 272, 2, 10, 0),
(273, 273, 4, 6, 0),
(274, 274, 1, 7, 0),
(275, 275, 5, 25, 0),
(276, 276, 1, 14, 0),
(277, 277, 3, 5, 0),
(278, 278, 5, 5, 0),
(279, 279, 5, 8, 0),
(280, 280, 3, 16, 0),
(281, 281, 1, 12, 0),
(282, 282, 3, 12, 0),
(283, 283, 2, 10, 0),
(284, 284, 3, 4, 0),
(285, 285, 5, 25, 0),
(286, 286, 5, 7, 0),
(287, 287, 4, 19, 0),
(288, 288, 1, 25, 0),
(289, 289, 4, 14, 0),
(290, 290, 2, 11, 0),
(291, 291, 5, 12, 0),
(292, 292, 2, 21, 0),
(293, 293, 3, 9, 0),
(294, 294, 5, 13, 0),
(295, 295, 1, 25, 0),
(296, 296, 4, 14, 0),
(297, 297, 3, 11, 0),
(298, 298, 1, 20, 0),
(299, 299, 2, 21, 0),
(300, 300, 1, 13, 0),
(301, 301, 4, 7, 0),
(302, 302, 2, 3, 0),
(303, 303, 2, 15, 0),
(304, 304, 2, 19, 0),
(305, 305, 4, 23, 0),
(306, 306, 3, 6, 0),
(307, 307, 3, 8, 0),
(308, 308, 5, 6, 0),
(309, 309, 5, 9, 0),
(310, 310, 1, 17, 0),
(311, 311, 1, 6, 0),
(312, 312, 1, 11, 0),
(313, 313, 3, 25, 0),
(314, 314, 4, 13, 0),
(315, 315, 3, 17, 0),
(316, 316, 1, 18, 0),
(317, 317, 5, 8, 0),
(318, 318, 2, 14, 0),
(319, 319, 1, 25, 0),
(320, 320, 4, 18, 0),
(321, 321, 1, 24, 0),
(322, 322, 2, 7, 0),
(323, 323, 4, 4, 0),
(324, 324, 1, 11, 0),
(325, 325, 5, 15, 0),
(326, 326, 4, 21, 0),
(327, 327, 1, 20, 0),
(328, 328, 3, 25, 0),
(329, 329, 3, 12, 0),
(330, 330, 5, 22, 0),
(331, 331, 3, 3, 0),
(332, 332, 3, 7, 0),
(333, 333, 5, 19, 0),
(334, 334, 4, 12, 0),
(335, 335, 2, 7, 0),
(336, 336, 3, 11, 0),
(337, 337, 3, 20, 0),
(338, 338, 4, 19, 0),
(339, 339, 3, 3, 0),
(340, 340, 4, 4, 0),
(341, 341, 1, 9, 0),
(342, 342, 5, 2, 0),
(343, 343, 2, 20, 0),
(344, 344, 5, 21, 0),
(345, 345, 3, 8, 0),
(346, 346, 4, 6, 0),
(347, 347, 1, 20, 0),
(348, 348, 3, 19, 0),
(349, 349, 3, 1, 0),
(350, 350, 5, 13, 0),
(351, 351, 2, 4, 0),
(352, 352, 3, 11, 0),
(353, 353, 3, 17, 0),
(354, 354, 1, 13, 0),
(355, 355, 1, 15, 0),
(356, 356, 3, 6, 0),
(357, 357, 3, 4, 0),
(358, 358, 5, 23, 0),
(359, 359, 5, 8, 0),
(360, 360, 3, 16, 0),
(361, 361, 3, 17, 0),
(362, 362, 5, 1, 0),
(363, 363, 5, 23, 0),
(364, 364, 5, 24, 0),
(365, 365, 3, 17, 0),
(366, 366, 1, 13, 0),
(367, 367, 2, 22, 0),
(368, 368, 1, 9, 0),
(369, 369, 1, 17, 0),
(370, 370, 5, 18, 0),
(371, 371, 4, 19, 0),
(372, 372, 1, 25, 0),
(373, 373, 5, 18, 0),
(374, 374, 2, 19, 0),
(375, 375, 4, 14, 0),
(376, 376, 1, 16, 0),
(377, 377, 2, 23, 0),
(378, 378, 2, 22, 0),
(379, 379, 2, 6, 0),
(380, 380, 1, 7, 0),
(381, 381, 3, 18, 0),
(382, 382, 1, 21, 0),
(383, 383, 4, 19, 0),
(384, 384, 5, 4, 0),
(385, 385, 1, 9, 0),
(386, 386, 4, 1, 0),
(387, 387, 3, 3, 0),
(388, 388, 1, 6, 0),
(389, 389, 4, 2, 0),
(390, 390, 1, 7, 0),
(391, 391, 2, 12, 0),
(392, 392, 3, 20, 0),
(393, 393, 5, 5, 0),
(394, 394, 1, 3, 0),
(395, 395, 2, 5, 0),
(396, 396, 4, 5, 0),
(397, 397, 4, 11, 0),
(398, 398, 2, 8, 0),
(399, 399, 1, 8, 0),
(400, 400, 4, 25, 0),
(401, 401, 2, 17, 0),
(402, 402, 1, 23, 0),
(403, 403, 1, 6, 0),
(404, 404, 5, 21, 0),
(405, 405, 3, 11, 0),
(406, 406, 2, 9, 0),
(407, 407, 2, 8, 0),
(408, 408, 4, 2, 0),
(409, 409, 4, 10, 0),
(410, 410, 4, 22, 0),
(411, 411, 4, 14, 0),
(412, 412, 1, 19, 0),
(413, 413, 4, 4, 0),
(414, 414, 3, 17, 0),
(415, 415, 2, 14, 0),
(416, 416, 5, 4, 0),
(417, 417, 1, 2, 0),
(418, 418, 3, 4, 0),
(419, 419, 4, 8, 0),
(420, 420, 5, 1, 0),
(421, 421, 3, 21, 0),
(422, 422, 5, 7, 0),
(423, 423, 5, 1, 0),
(424, 424, 5, 23, 0),
(425, 425, 1, 24, 0),
(426, 426, 3, 6, 0),
(427, 427, 2, 13, 0),
(428, 428, 3, 16, 0),
(429, 429, 3, 13, 0),
(430, 430, 1, 10, 0),
(431, 431, 4, 17, 0),
(432, 432, 3, 18, 0),
(433, 433, 4, 23, 0),
(434, 434, 4, 19, 0),
(435, 435, 2, 19, 0),
(436, 436, 2, 14, 0),
(437, 437, 1, 6, 0),
(438, 438, 2, 4, 0),
(439, 439, 5, 16, 0),
(440, 440, 3, 23, 0),
(441, 441, 5, 17, 0),
(442, 442, 5, 23, 0),
(443, 443, 5, 23, 0),
(444, 444, 5, 9, 0),
(445, 445, 2, 13, 0),
(446, 446, 3, 20, 0),
(447, 447, 5, 1, 0),
(448, 448, 3, 2, 0),
(449, 449, 1, 17, 0),
(450, 450, 3, 2, 0),
(451, 451, 1, 21, 0),
(452, 452, 5, 20, 0),
(453, 453, 1, 16, 0),
(454, 454, 5, 5, 0),
(455, 455, 1, 18, 0),
(456, 456, 3, 13, 0),
(457, 457, 4, 9, 0),
(458, 458, 4, 20, 0),
(459, 459, 4, 24, 0),
(460, 460, 2, 20, 0),
(461, 461, 2, 16, 0),
(462, 462, 3, 2, 0),
(463, 463, 4, 9, 0),
(464, 464, 5, 11, 0),
(465, 465, 1, 9, 0),
(466, 466, 4, 21, 0),
(467, 467, 1, 8, 0),
(468, 468, 3, 24, 0),
(469, 469, 3, 24, 0),
(470, 470, 4, 12, 0),
(471, 471, 2, 20, 0),
(472, 472, 5, 16, 0),
(473, 473, 1, 7, 0),
(474, 474, 2, 6, 0),
(475, 475, 3, 15, 0),
(476, 476, 4, 9, 0),
(477, 477, 3, 11, 0),
(478, 478, 5, 14, 0),
(479, 479, 3, 24, 0),
(480, 480, 3, 25, 0),
(481, 481, 1, 17, 0),
(482, 482, 2, 1, 0),
(483, 483, 1, 14, 0);

-- --------------------------------------------------------

--
-- Table structure for table `peramalan`
--

CREATE TABLE `peramalan` (
  `id_peramalan` int(11) NOT NULL,
  `id_bb` int(11) NOT NULL,
  `bulan` int(11) NOT NULL,
  `tahun` int(11) NOT NULL,
  `aktual` int(11) NOT NULL,
  `forecasting` int(11) NOT NULL,
  `alpha` double NOT NULL
) ENGINE=InnoDB DEFAULT CHARSET=latin1;

--
-- Dumping data for table `peramalan`
--

INSERT INTO `peramalan` (`id_peramalan`, `id_bb`, `bulan`, `tahun`, `aktual`, `forecasting`, `alpha`) VALUES
(1, 1, 1, 2023, 83, 83, 0.2),
(2, 1, 2, 2023, 61, 75, 0.2),
(3, 1, 3, 2023, 48, 56, 0.2),
(4, 1, 4, 2023, 123, 44, 0.2),
(5, 1, 5, 2023, 100, 103, 0.2),
(6, 1, 6, 2023, 144, 90, 0.2),
(7, 1, 7, 2023, 115, 124, 0.2),
(8, 1, 8, 2023, 34, 104, 0.2),
(9, 1, 9, 2023, 19, 38, 0.2),
(10, 1, 10, 2023, 116, 19, 0.2),
(11, 1, 11, 2023, 132, 95, 0.2),
(12, 1, 12, 2023, 57, 115, 0.2),
(13, 1, 1, 2024, 133, 133, 0.2),
(14, 1, 2, 2024, 82, 120, 0.2),
(15, 1, 3, 2024, 88, 78, 0.2),
(16, 1, 4, 2024, 55, 78, 0.2),
(17, 2, 1, 2023, 43, 43, 0.1),
(18, 2, 2, 2023, 73, 70, 0.1),
(19, 2, 3, 2023, 74, 74, 0.1),
(20, 2, 4, 2023, 86, 85, 0.1),
(21, 2, 5, 2023, 69, 71, 0.1),
(22, 2, 6, 2023, 44, 47, 0.1),
(23, 2, 7, 2023, 17, 20, 0.1),
(24, 2, 8, 2023, 47, 44, 0.1),
(25, 2, 9, 2023, 62, 60, 0.1),
(26, 2, 10, 2023, 100, 96, 0.1),
(27, 2, 11, 2023, 21, 29, 0.1),
(28, 2, 12, 2023, 31, 31, 0.1),
(29, 2, 1, 2024, 109, 101, 0.1),
(30, 2, 2, 2024, 56, 61, 0.1),
(31, 2, 3, 2024, 63, 63, 0.1),
(32, 2, 4, 2024, 63, 63, 0.1);

-- --------------------------------------------------------

--
-- Table structure for table `transaksi`
--

CREATE TABLE `transaksi` (
  `id_transaksi` int(11) NOT NULL,
  `id_user` int(11) NOT NULL,
  `tanggal` varchar(125) NOT NULL,
  `total` varchar(20) NOT NULL,
  `pembayaran` text NOT NULL,
  `status` int(11) NOT NULL
) ENGINE=InnoDB DEFAULT CHARSET=latin1;

--
-- Dumping data for table `transaksi`
--

INSERT INTO `transaksi` (`id_transaksi`, `id_user`, `tanggal`, `total`, `pembayaran`, `status`) VALUES
(1, 2, '2023-01-01', '1900000', 'Ini-Dia-Bukti-Transfer-Mandiri-Dari-ATM-mBanking-d...', 4),
(2, 2, '2023-01-02', '800000', 'Ini-Dia-Bukti-Transfer-Mandiri-Dari-ATM-mBanking-d...', 4),
(3, 2, '2023-01-03', '800000', 'Ini-Dia-Bukti-Transfer-Mandiri-Dari-ATM-mBanking-d...', 4),
(4, 2, '2023-01-04', '400000', 'Ini-Dia-Bukti-Transfer-Mandiri-Dari-ATM-mBanking-d...', 4),
(5, 2, '2023-01-05', '100000', 'Ini-Dia-Bukti-Transfer-Mandiri-Dari-ATM-mBanking-d...', 4),
(6, 2, '2023-01-06', '1300000', 'Ini-Dia-Bukti-Transfer-Mandiri-Dari-ATM-mBanking-d...', 4),
(7, 2, '2023-01-07', '2000000', 'Ini-Dia-Bukti-Transfer-Mandiri-Dari-ATM-mBanking-d...', 4),
(8, 2, '2023-01-08', '1600000', 'Ini-Dia-Bukti-Transfer-Mandiri-Dari-ATM-mBanking-d...', 4),
(9, 2, '2023-01-09', '1700000', 'Ini-Dia-Bukti-Transfer-Mandiri-Dari-ATM-mBanking-d...', 4),
(10, 2, '2023-01-10', '1500000', 'Ini-Dia-Bukti-Transfer-Mandiri-Dari-ATM-mBanking-d...', 4),
(11, 2, '2023-01-11', '800000', 'Ini-Dia-Bukti-Transfer-Mandiri-Dari-ATM-mBanking-d...', 4),
(12, 2, '2023-01-12', '2100000', 'Ini-Dia-Bukti-Transfer-Mandiri-Dari-ATM-mBanking-d...', 4),
(13, 2, '2023-01-13', '1900000', 'Ini-Dia-Bukti-Transfer-Mandiri-Dari-ATM-mBanking-d...', 4),
(14, 2, '2023-01-14', '400000', 'Ini-Dia-Bukti-Transfer-Mandiri-Dari-ATM-mBanking-d...', 4),
(15, 2, '2023-01-15', '2100000', 'Ini-Dia-Bukti-Transfer-Mandiri-Dari-ATM-mBanking-d...', 4),
(16, 2, '2023-01-16', '1900000', 'Ini-Dia-Bukti-Transfer-Mandiri-Dari-ATM-mBanking-d...', 4),
(17, 2, '2023-01-17', '900000', 'Ini-Dia-Bukti-Transfer-Mandiri-Dari-ATM-mBanking-d...', 4),
(18, 2, '2023-01-18', '2400000', 'Ini-Dia-Bukti-Transfer-Mandiri-Dari-ATM-mBanking-d...', 4),
(19, 2, '2023-01-19', '1300000', 'Ini-Dia-Bukti-Transfer-Mandiri-Dari-ATM-mBanking-d...', 4),
(20, 2, '2023-01-20', '2400000', 'Ini-Dia-Bukti-Transfer-Mandiri-Dari-ATM-mBanking-d...', 4),
(21, 2, '2023-01-21', '900000', 'Ini-Dia-Bukti-Transfer-Mandiri-Dari-ATM-mBanking-d...', 4),
(22, 2, '2023-01-22', '2100000', 'Ini-Dia-Bukti-Transfer-Mandiri-Dari-ATM-mBanking-d...', 4),
(23, 2, '2023-01-23', '700000', 'Ini-Dia-Bukti-Transfer-Mandiri-Dari-ATM-mBanking-d...', 4),
(24, 2, '2023-01-24', '1000000', 'Ini-Dia-Bukti-Transfer-Mandiri-Dari-ATM-mBanking-d...', 4),
(25, 2, '2023-01-25', '1100000', 'Ini-Dia-Bukti-Transfer-Mandiri-Dari-ATM-mBanking-d...', 4),
(26, 2, '2023-01-26', '2000000', 'Ini-Dia-Bukti-Transfer-Mandiri-Dari-ATM-mBanking-d...', 4),
(27, 2, '2023-01-27', '1700000', 'Ini-Dia-Bukti-Transfer-Mandiri-Dari-ATM-mBanking-d...', 4),
(28, 2, '2023-01-28', '1900000', 'Ini-Dia-Bukti-Transfer-Mandiri-Dari-ATM-mBanking-d...', 4),
(29, 2, '2023-01-29', '500000', 'Ini-Dia-Bukti-Transfer-Mandiri-Dari-ATM-mBanking-d...', 4),
(30, 2, '2023-01-30', '600000', 'Ini-Dia-Bukti-Transfer-Mandiri-Dari-ATM-mBanking-d...', 4),
(31, 2, '2023-01-31', '1000000', 'Ini-Dia-Bukti-Transfer-Mandiri-Dari-ATM-mBanking-d...', 4),
(32, 2, '2023-02-01', '900000', 'Ini-Dia-Bukti-Transfer-Mandiri-Dari-ATM-mBanking-d...', 4),
(33, 2, '2023-02-02', '1200000', 'Ini-Dia-Bukti-Transfer-Mandiri-Dari-ATM-mBanking-d...', 4),
(34, 2, '2023-02-03', '900000', 'Ini-Dia-Bukti-Transfer-Mandiri-Dari-ATM-mBanking-d...', 4),
(35, 2, '2023-02-04', '2400000', 'Ini-Dia-Bukti-Transfer-Mandiri-Dari-ATM-mBanking-d...', 4),
(36, 2, '2023-02-05', '2300000', 'Ini-Dia-Bukti-Transfer-Mandiri-Dari-ATM-mBanking-d...', 4),
(37, 2, '2023-02-06', '2400000', 'Ini-Dia-Bukti-Transfer-Mandiri-Dari-ATM-mBanking-d...', 4),
(38, 2, '2023-02-07', '1500000', 'Ini-Dia-Bukti-Transfer-Mandiri-Dari-ATM-mBanking-d...', 4),
(39, 2, '2023-02-08', '2200000', 'Ini-Dia-Bukti-Transfer-Mandiri-Dari-ATM-mBanking-d...', 4),
(40, 2, '2023-02-09', '1500000', 'Ini-Dia-Bukti-Transfer-Mandiri-Dari-ATM-mBanking-d...', 4),
(41, 2, '2023-02-10', '2500000', 'Ini-Dia-Bukti-Transfer-Mandiri-Dari-ATM-mBanking-d...', 4),
(42, 2, '2023-02-11', '400000', 'Ini-Dia-Bukti-Transfer-Mandiri-Dari-ATM-mBanking-d...', 4),
(43, 2, '2023-02-12', '2300000', 'Ini-Dia-Bukti-Transfer-Mandiri-Dari-ATM-mBanking-d...', 4),
(44, 2, '2023-02-13', '1900000', 'Ini-Dia-Bukti-Transfer-Mandiri-Dari-ATM-mBanking-d...', 4),
(45, 2, '2023-02-14', '400000', 'Ini-Dia-Bukti-Transfer-Mandiri-Dari-ATM-mBanking-d...', 4),
(46, 2, '2023-02-15', '300000', 'Ini-Dia-Bukti-Transfer-Mandiri-Dari-ATM-mBanking-d...', 4),
(47, 2, '2023-02-16', '600000', 'Ini-Dia-Bukti-Transfer-Mandiri-Dari-ATM-mBanking-d...', 4),
(48, 2, '2023-02-17', '600000', 'Ini-Dia-Bukti-Transfer-Mandiri-Dari-ATM-mBanking-d...', 4),
(49, 2, '2023-02-18', '100000', 'Ini-Dia-Bukti-Transfer-Mandiri-Dari-ATM-mBanking-d...', 4),
(50, 2, '2023-02-19', '1400000', 'Ini-Dia-Bukti-Transfer-Mandiri-Dari-ATM-mBanking-d...', 4),
(51, 2, '2023-02-20', '2500000', 'Ini-Dia-Bukti-Transfer-Mandiri-Dari-ATM-mBanking-d...', 4),
(52, 2, '2023-02-21', '1300000', 'Ini-Dia-Bukti-Transfer-Mandiri-Dari-ATM-mBanking-d...', 4),
(53, 2, '2023-02-22', '1500000', 'Ini-Dia-Bukti-Transfer-Mandiri-Dari-ATM-mBanking-d...', 4),
(54, 2, '2023-02-23', '2100000', 'Ini-Dia-Bukti-Transfer-Mandiri-Dari-ATM-mBanking-d...', 4),
(55, 2, '2023-02-24', '2400000', 'Ini-Dia-Bukti-Transfer-Mandiri-Dari-ATM-mBanking-d...', 4),
(56, 2, '2023-02-25', '1800000', 'Ini-Dia-Bukti-Transfer-Mandiri-Dari-ATM-mBanking-d...', 4),
(57, 2, '2023-02-26', '1900000', 'Ini-Dia-Bukti-Transfer-Mandiri-Dari-ATM-mBanking-d...', 4),
(58, 2, '2023-02-27', '200000', 'Ini-Dia-Bukti-Transfer-Mandiri-Dari-ATM-mBanking-d...', 4),
(59, 2, '2023-02-28', '1900000', 'Ini-Dia-Bukti-Transfer-Mandiri-Dari-ATM-mBanking-d...', 4),
(60, 2, '2023-03-01', '400000', 'Ini-Dia-Bukti-Transfer-Mandiri-Dari-ATM-mBanking-d...', 4),
(61, 2, '2023-03-02', '2300000', 'Ini-Dia-Bukti-Transfer-Mandiri-Dari-ATM-mBanking-d...', 4),
(62, 2, '2023-03-03', '300000', 'Ini-Dia-Bukti-Transfer-Mandiri-Dari-ATM-mBanking-d...', 4),
(63, 2, '2023-03-04', '1400000', 'Ini-Dia-Bukti-Transfer-Mandiri-Dari-ATM-mBanking-d...', 4),
(64, 2, '2023-03-05', '1800000', 'Ini-Dia-Bukti-Transfer-Mandiri-Dari-ATM-mBanking-d...', 4),
(65, 2, '2023-03-06', '200000', 'Ini-Dia-Bukti-Transfer-Mandiri-Dari-ATM-mBanking-d...', 4),
(66, 2, '2023-03-07', '1200000', 'Ini-Dia-Bukti-Transfer-Mandiri-Dari-ATM-mBanking-d...', 4),
(67, 2, '2023-03-08', '2100000', 'Ini-Dia-Bukti-Transfer-Mandiri-Dari-ATM-mBanking-d...', 4),
(68, 2, '2023-03-09', '1200000', 'Ini-Dia-Bukti-Transfer-Mandiri-Dari-ATM-mBanking-d...', 4),
(69, 2, '2023-03-10', '1300000', 'Ini-Dia-Bukti-Transfer-Mandiri-Dari-ATM-mBanking-d...', 4),
(70, 2, '2023-03-11', '1100000', 'Ini-Dia-Bukti-Transfer-Mandiri-Dari-ATM-mBanking-d...', 4),
(71, 2, '2023-03-12', '600000', 'Ini-Dia-Bukti-Transfer-Mandiri-Dari-ATM-mBanking-d...', 4),
(72, 2, '2023-03-13', '2500000', 'Ini-Dia-Bukti-Transfer-Mandiri-Dari-ATM-mBanking-d...', 4),
(73, 2, '2023-03-14', '800000', 'Ini-Dia-Bukti-Transfer-Mandiri-Dari-ATM-mBanking-d...', 4),
(74, 2, '2023-03-15', '200000', 'Ini-Dia-Bukti-Transfer-Mandiri-Dari-ATM-mBanking-d...', 4),
(75, 2, '2023-03-16', '100000', 'Ini-Dia-Bukti-Transfer-Mandiri-Dari-ATM-mBanking-d...', 4),
(76, 2, '2023-03-17', '1200000', 'Ini-Dia-Bukti-Transfer-Mandiri-Dari-ATM-mBanking-d...', 4),
(77, 2, '2023-03-18', '1300000', 'Ini-Dia-Bukti-Transfer-Mandiri-Dari-ATM-mBanking-d...', 4),
(78, 2, '2023-03-19', '1400000', 'Ini-Dia-Bukti-Transfer-Mandiri-Dari-ATM-mBanking-d...', 4),
(79, 2, '2023-03-20', '1500000', 'Ini-Dia-Bukti-Transfer-Mandiri-Dari-ATM-mBanking-d...', 4),
(80, 2, '2023-03-21', '1800000', 'Ini-Dia-Bukti-Transfer-Mandiri-Dari-ATM-mBanking-d...', 4),
(81, 2, '2023-03-22', '900000', 'Ini-Dia-Bukti-Transfer-Mandiri-Dari-ATM-mBanking-d...', 4),
(82, 2, '2023-03-23', '2300000', 'Ini-Dia-Bukti-Transfer-Mandiri-Dari-ATM-mBanking-d...', 4),
(83, 2, '2023-03-24', '1300000', 'Ini-Dia-Bukti-Transfer-Mandiri-Dari-ATM-mBanking-d...', 4),
(84, 2, '2023-03-25', '800000', 'Ini-Dia-Bukti-Transfer-Mandiri-Dari-ATM-mBanking-d...', 4),
(85, 2, '2023-03-26', '300000', 'Ini-Dia-Bukti-Transfer-Mandiri-Dari-ATM-mBanking-d...', 4),
(86, 2, '2023-03-27', '600000', 'Ini-Dia-Bukti-Transfer-Mandiri-Dari-ATM-mBanking-d...', 4),
(87, 2, '2023-03-28', '2100000', 'Ini-Dia-Bukti-Transfer-Mandiri-Dari-ATM-mBanking-d...', 4),
(88, 2, '2023-03-29', '1600000', 'Ini-Dia-Bukti-Transfer-Mandiri-Dari-ATM-mBanking-d...', 4),
(89, 2, '2023-03-30', '1700000', 'Ini-Dia-Bukti-Transfer-Mandiri-Dari-ATM-mBanking-d...', 4),
(90, 2, '2023-03-31', '700000', 'Ini-Dia-Bukti-Transfer-Mandiri-Dari-ATM-mBanking-d...', 4),
(91, 2, '2023-04-01', '2300000', 'Ini-Dia-Bukti-Transfer-Mandiri-Dari-ATM-mBanking-d...', 4),
(92, 2, '2023-04-02', '2000000', 'Ini-Dia-Bukti-Transfer-Mandiri-Dari-ATM-mBanking-d...', 4),
(93, 2, '2023-04-03', '1800000', 'Ini-Dia-Bukti-Transfer-Mandiri-Dari-ATM-mBanking-d...', 4),
(94, 2, '2023-04-04', '1600000', 'Ini-Dia-Bukti-Transfer-Mandiri-Dari-ATM-mBanking-d...', 4),
(95, 2, '2023-04-05', '700000', 'Ini-Dia-Bukti-Transfer-Mandiri-Dari-ATM-mBanking-d...', 4),
(96, 2, '2023-04-06', '400000', 'Ini-Dia-Bukti-Transfer-Mandiri-Dari-ATM-mBanking-d...', 4),
(97, 2, '2023-04-07', '1700000', 'Ini-Dia-Bukti-Transfer-Mandiri-Dari-ATM-mBanking-d...', 4),
(98, 2, '2023-04-08', '1100000', 'Ini-Dia-Bukti-Transfer-Mandiri-Dari-ATM-mBanking-d...', 4),
(99, 2, '2023-04-09', '300000', 'Ini-Dia-Bukti-Transfer-Mandiri-Dari-ATM-mBanking-d...', 4),
(100, 2, '2023-04-10', '300000', 'Ini-Dia-Bukti-Transfer-Mandiri-Dari-ATM-mBanking-d...', 4),
(101, 2, '2023-04-11', '1300000', 'Ini-Dia-Bukti-Transfer-Mandiri-Dari-ATM-mBanking-d...', 4),
(102, 2, '2023-04-12', '500000', 'Ini-Dia-Bukti-Transfer-Mandiri-Dari-ATM-mBanking-d...', 4),
(103, 2, '2023-04-13', '1000000', 'Ini-Dia-Bukti-Transfer-Mandiri-Dari-ATM-mBanking-d...', 4),
(104, 2, '2023-04-14', '2100000', 'Ini-Dia-Bukti-Transfer-Mandiri-Dari-ATM-mBanking-d...', 4),
(105, 2, '2023-04-15', '1700000', 'Ini-Dia-Bukti-Transfer-Mandiri-Dari-ATM-mBanking-d...', 4),
(106, 2, '2023-04-16', '1400000', 'Ini-Dia-Bukti-Transfer-Mandiri-Dari-ATM-mBanking-d...', 4),
(107, 2, '2023-04-17', '700000', 'Ini-Dia-Bukti-Transfer-Mandiri-Dari-ATM-mBanking-d...', 4),
(108, 2, '2023-04-18', '400000', 'Ini-Dia-Bukti-Transfer-Mandiri-Dari-ATM-mBanking-d...', 4),
(109, 2, '2023-04-19', '300000', 'Ini-Dia-Bukti-Transfer-Mandiri-Dari-ATM-mBanking-d...', 4),
(110, 2, '2023-04-20', '2500000', 'Ini-Dia-Bukti-Transfer-Mandiri-Dari-ATM-mBanking-d...', 4),
(111, 2, '2023-04-21', '2400000', 'Ini-Dia-Bukti-Transfer-Mandiri-Dari-ATM-mBanking-d...', 4),
(112, 2, '2023-04-22', '200000', 'Ini-Dia-Bukti-Transfer-Mandiri-Dari-ATM-mBanking-d...', 4),
(113, 2, '2023-04-23', '1900000', 'Ini-Dia-Bukti-Transfer-Mandiri-Dari-ATM-mBanking-d...', 4),
(114, 2, '2023-04-24', '500000', 'Ini-Dia-Bukti-Transfer-Mandiri-Dari-ATM-mBanking-d...', 4),
(115, 2, '2023-04-25', '1400000', 'Ini-Dia-Bukti-Transfer-Mandiri-Dari-ATM-mBanking-d...', 4),
(116, 2, '2023-04-26', '1200000', 'Ini-Dia-Bukti-Transfer-Mandiri-Dari-ATM-mBanking-d...', 4),
(117, 2, '2023-04-27', '2300000', 'Ini-Dia-Bukti-Transfer-Mandiri-Dari-ATM-mBanking-d...', 4),
(118, 2, '2023-04-28', '700000', 'Ini-Dia-Bukti-Transfer-Mandiri-Dari-ATM-mBanking-d...', 4),
(119, 2, '2023-04-29', '1500000', 'Ini-Dia-Bukti-Transfer-Mandiri-Dari-ATM-mBanking-d...', 4),
(120, 2, '2023-04-30', '1700000', 'Ini-Dia-Bukti-Transfer-Mandiri-Dari-ATM-mBanking-d...', 4),
(121, 2, '2023-05-01', '2000000', 'Ini-Dia-Bukti-Transfer-Mandiri-Dari-ATM-mBanking-d...', 4),
(122, 2, '2023-05-02', '600000', 'Ini-Dia-Bukti-Transfer-Mandiri-Dari-ATM-mBanking-d...', 4),
(123, 2, '2023-05-03', '1400000', 'Ini-Dia-Bukti-Transfer-Mandiri-Dari-ATM-mBanking-d...', 4),
(124, 2, '2023-05-04', '2100000', 'Ini-Dia-Bukti-Transfer-Mandiri-Dari-ATM-mBanking-d...', 4),
(125, 2, '2023-05-05', '1700000', 'Ini-Dia-Bukti-Transfer-Mandiri-Dari-ATM-mBanking-d...', 4),
(126, 2, '2023-05-06', '2200000', 'Ini-Dia-Bukti-Transfer-Mandiri-Dari-ATM-mBanking-d...', 4),
(127, 2, '2023-05-07', '400000', 'Ini-Dia-Bukti-Transfer-Mandiri-Dari-ATM-mBanking-d...', 4),
(128, 2, '2023-05-08', '1100000', 'Ini-Dia-Bukti-Transfer-Mandiri-Dari-ATM-mBanking-d...', 4),
(129, 2, '2023-05-09', '2000000', 'Ini-Dia-Bukti-Transfer-Mandiri-Dari-ATM-mBanking-d...', 4),
(130, 2, '2023-05-10', '1200000', 'Ini-Dia-Bukti-Transfer-Mandiri-Dari-ATM-mBanking-d...', 4),
(131, 2, '2023-05-11', '1400000', 'Ini-Dia-Bukti-Transfer-Mandiri-Dari-ATM-mBanking-d...', 4),
(132, 2, '2023-05-12', '1400000', 'Ini-Dia-Bukti-Transfer-Mandiri-Dari-ATM-mBanking-d...', 4),
(133, 2, '2023-05-13', '600000', 'Ini-Dia-Bukti-Transfer-Mandiri-Dari-ATM-mBanking-d...', 4),
(134, 2, '2023-05-14', '700000', 'Ini-Dia-Bukti-Transfer-Mandiri-Dari-ATM-mBanking-d...', 4),
(135, 2, '2023-05-15', '800000', 'Ini-Dia-Bukti-Transfer-Mandiri-Dari-ATM-mBanking-d...', 4),
(136, 2, '2023-05-16', '1500000', 'Ini-Dia-Bukti-Transfer-Mandiri-Dari-ATM-mBanking-d...', 4),
(137, 2, '2023-05-17', '200000', 'Ini-Dia-Bukti-Transfer-Mandiri-Dari-ATM-mBanking-d...', 4),
(138, 2, '2023-05-18', '800000', 'Ini-Dia-Bukti-Transfer-Mandiri-Dari-ATM-mBanking-d...', 4),
(139, 2, '2023-05-19', '1100000', 'Ini-Dia-Bukti-Transfer-Mandiri-Dari-ATM-mBanking-d...', 4),
(140, 2, '2023-05-20', '1800000', 'Ini-Dia-Bukti-Transfer-Mandiri-Dari-ATM-mBanking-d...', 4),
(141, 2, '2023-05-21', '1500000', 'Ini-Dia-Bukti-Transfer-Mandiri-Dari-ATM-mBanking-d...', 4),
(142, 2, '2023-05-22', '400000', 'Ini-Dia-Bukti-Transfer-Mandiri-Dari-ATM-mBanking-d...', 4),
(143, 2, '2023-05-23', '300000', 'Ini-Dia-Bukti-Transfer-Mandiri-Dari-ATM-mBanking-d...', 4),
(144, 2, '2023-05-24', '1800000', 'Ini-Dia-Bukti-Transfer-Mandiri-Dari-ATM-mBanking-d...', 4),
(145, 2, '2023-05-25', '2200000', 'Ini-Dia-Bukti-Transfer-Mandiri-Dari-ATM-mBanking-d...', 4),
(146, 2, '2023-05-26', '1300000', 'Ini-Dia-Bukti-Transfer-Mandiri-Dari-ATM-mBanking-d...', 4),
(147, 2, '2023-05-27', '2200000', 'Ini-Dia-Bukti-Transfer-Mandiri-Dari-ATM-mBanking-d...', 4),
(148, 2, '2023-05-28', '300000', 'Ini-Dia-Bukti-Transfer-Mandiri-Dari-ATM-mBanking-d...', 4),
(149, 2, '2023-05-29', '2300000', 'Ini-Dia-Bukti-Transfer-Mandiri-Dari-ATM-mBanking-d...', 4),
(150, 2, '2023-05-30', '2500000', 'Ini-Dia-Bukti-Transfer-Mandiri-Dari-ATM-mBanking-d...', 4),
(151, 2, '2023-05-31', '1200000', 'Ini-Dia-Bukti-Transfer-Mandiri-Dari-ATM-mBanking-d...', 4),
(152, 2, '2023-06-01', '300000', 'Ini-Dia-Bukti-Transfer-Mandiri-Dari-ATM-mBanking-d...', 4),
(153, 2, '2023-06-02', '700000', 'Ini-Dia-Bukti-Transfer-Mandiri-Dari-ATM-mBanking-d...', 4),
(154, 2, '2023-06-03', '200000', 'Ini-Dia-Bukti-Transfer-Mandiri-Dari-ATM-mBanking-d...', 4),
(155, 2, '2023-06-04', '1300000', 'Ini-Dia-Bukti-Transfer-Mandiri-Dari-ATM-mBanking-d...', 4),
(156, 2, '2023-06-05', '1100000', 'Ini-Dia-Bukti-Transfer-Mandiri-Dari-ATM-mBanking-d...', 4),
(157, 2, '2023-06-06', '2100000', 'Ini-Dia-Bukti-Transfer-Mandiri-Dari-ATM-mBanking-d...', 4),
(158, 2, '2023-06-07', '300000', 'Ini-Dia-Bukti-Transfer-Mandiri-Dari-ATM-mBanking-d...', 4),
(159, 2, '2023-06-08', '1000000', 'Ini-Dia-Bukti-Transfer-Mandiri-Dari-ATM-mBanking-d...', 4),
(160, 2, '2023-06-09', '100000', 'Ini-Dia-Bukti-Transfer-Mandiri-Dari-ATM-mBanking-d...', 4),
(161, 2, '2023-06-10', '1000000', 'Ini-Dia-Bukti-Transfer-Mandiri-Dari-ATM-mBanking-d...', 4),
(162, 2, '2023-06-11', '1900000', 'Ini-Dia-Bukti-Transfer-Mandiri-Dari-ATM-mBanking-d...', 4),
(163, 2, '2023-06-12', '2000000', 'Ini-Dia-Bukti-Transfer-Mandiri-Dari-ATM-mBanking-d...', 4),
(164, 2, '2023-06-13', '400000', 'Ini-Dia-Bukti-Transfer-Mandiri-Dari-ATM-mBanking-d...', 4),
(165, 2, '2023-06-14', '1800000', 'Ini-Dia-Bukti-Transfer-Mandiri-Dari-ATM-mBanking-d...', 4),
(166, 2, '2023-06-15', '300000', 'Ini-Dia-Bukti-Transfer-Mandiri-Dari-ATM-mBanking-d...', 4),
(167, 2, '2023-06-16', '200000', 'Ini-Dia-Bukti-Transfer-Mandiri-Dari-ATM-mBanking-d...', 4),
(168, 2, '2023-06-17', '1900000', 'Ini-Dia-Bukti-Transfer-Mandiri-Dari-ATM-mBanking-d...', 4),
(169, 2, '2023-06-18', '2500000', 'Ini-Dia-Bukti-Transfer-Mandiri-Dari-ATM-mBanking-d...', 4),
(170, 2, '2023-06-19', '800000', 'Ini-Dia-Bukti-Transfer-Mandiri-Dari-ATM-mBanking-d...', 4),
(171, 2, '2023-06-20', '900000', 'Ini-Dia-Bukti-Transfer-Mandiri-Dari-ATM-mBanking-d...', 4),
(172, 2, '2023-06-21', '1600000', 'Ini-Dia-Bukti-Transfer-Mandiri-Dari-ATM-mBanking-d...', 4),
(173, 2, '2023-06-22', '200000', 'Ini-Dia-Bukti-Transfer-Mandiri-Dari-ATM-mBanking-d...', 4),
(174, 2, '2023-06-23', '2300000', 'Ini-Dia-Bukti-Transfer-Mandiri-Dari-ATM-mBanking-d...', 4),
(175, 2, '2023-06-24', '2000000', 'Ini-Dia-Bukti-Transfer-Mandiri-Dari-ATM-mBanking-d...', 4),
(176, 2, '2023-06-25', '800000', 'Ini-Dia-Bukti-Transfer-Mandiri-Dari-ATM-mBanking-d...', 4),
(177, 2, '2023-06-26', '1300000', 'Ini-Dia-Bukti-Transfer-Mandiri-Dari-ATM-mBanking-d...', 4),
(178, 2, '2023-06-27', '2500000', 'Ini-Dia-Bukti-Transfer-Mandiri-Dari-ATM-mBanking-d...', 4),
(179, 2, '2023-06-28', '1700000', 'Ini-Dia-Bukti-Transfer-Mandiri-Dari-ATM-mBanking-d...', 4),
(180, 2, '2023-06-29', '1600000', 'Ini-Dia-Bukti-Transfer-Mandiri-Dari-ATM-mBanking-d...', 4),
(181, 2, '2023-06-30', '100000', 'Ini-Dia-Bukti-Transfer-Mandiri-Dari-ATM-mBanking-d...', 4),
(182, 2, '2023-07-01', '1200000', 'Ini-Dia-Bukti-Transfer-Mandiri-Dari-ATM-mBanking-d...', 4),
(183, 2, '2023-07-02', '300000', 'Ini-Dia-Bukti-Transfer-Mandiri-Dari-ATM-mBanking-d...', 4),
(184, 2, '2023-07-03', '400000', 'Ini-Dia-Bukti-Transfer-Mandiri-Dari-ATM-mBanking-d...', 4),
(185, 2, '2023-07-04', '1100000', 'Ini-Dia-Bukti-Transfer-Mandiri-Dari-ATM-mBanking-d...', 4),
(186, 2, '2023-07-05', '900000', 'Ini-Dia-Bukti-Transfer-Mandiri-Dari-ATM-mBanking-d...', 4),
(187, 2, '2023-07-06', '2200000', 'Ini-Dia-Bukti-Transfer-Mandiri-Dari-ATM-mBanking-d...', 4),
(188, 2, '2023-07-07', '200000', 'Ini-Dia-Bukti-Transfer-Mandiri-Dari-ATM-mBanking-d...', 4),
(189, 2, '2023-07-08', '1900000', 'Ini-Dia-Bukti-Transfer-Mandiri-Dari-ATM-mBanking-d...', 4),
(190, 2, '2023-07-09', '1900000', 'Ini-Dia-Bukti-Transfer-Mandiri-Dari-ATM-mBanking-d...', 4),
(191, 2, '2023-07-10', '700000', 'Ini-Dia-Bukti-Transfer-Mandiri-Dari-ATM-mBanking-d...', 4),
(192, 2, '2023-07-11', '1000000', 'Ini-Dia-Bukti-Transfer-Mandiri-Dari-ATM-mBanking-d...', 4),
(193, 2, '2023-07-12', '2300000', 'Ini-Dia-Bukti-Transfer-Mandiri-Dari-ATM-mBanking-d...', 4),
(194, 2, '2023-07-13', '900000', 'Ini-Dia-Bukti-Transfer-Mandiri-Dari-ATM-mBanking-d...', 4),
(195, 2, '2023-07-14', '500000', 'Ini-Dia-Bukti-Transfer-Mandiri-Dari-ATM-mBanking-d...', 4),
(196, 2, '2023-07-15', '900000', 'Ini-Dia-Bukti-Transfer-Mandiri-Dari-ATM-mBanking-d...', 4),
(197, 2, '2023-07-16', '1400000', 'Ini-Dia-Bukti-Transfer-Mandiri-Dari-ATM-mBanking-d...', 4),
(198, 2, '2023-07-17', '2100000', 'Ini-Dia-Bukti-Transfer-Mandiri-Dari-ATM-mBanking-d...', 4),
(199, 2, '2023-07-18', '800000', 'Ini-Dia-Bukti-Transfer-Mandiri-Dari-ATM-mBanking-d...', 4),
(200, 2, '2023-07-19', '1000000', 'Ini-Dia-Bukti-Transfer-Mandiri-Dari-ATM-mBanking-d...', 4),
(201, 2, '2023-07-20', '1300000', 'Ini-Dia-Bukti-Transfer-Mandiri-Dari-ATM-mBanking-d...', 4),
(202, 2, '2023-07-21', '1100000', 'Ini-Dia-Bukti-Transfer-Mandiri-Dari-ATM-mBanking-d...', 4),
(203, 2, '2023-07-22', '700000', 'Ini-Dia-Bukti-Transfer-Mandiri-Dari-ATM-mBanking-d...', 4),
(204, 2, '2023-07-23', '1500000', 'Ini-Dia-Bukti-Transfer-Mandiri-Dari-ATM-mBanking-d...', 4),
(205, 2, '2023-07-24', '2100000', 'Ini-Dia-Bukti-Transfer-Mandiri-Dari-ATM-mBanking-d...', 4),
(206, 2, '2023-07-25', '100000', 'Ini-Dia-Bukti-Transfer-Mandiri-Dari-ATM-mBanking-d...', 4),
(207, 2, '2023-07-26', '200000', 'Ini-Dia-Bukti-Transfer-Mandiri-Dari-ATM-mBanking-d...', 4),
(208, 2, '2023-07-27', '1400000', 'Ini-Dia-Bukti-Transfer-Mandiri-Dari-ATM-mBanking-d...', 4),
(209, 2, '2023-07-28', '1100000', 'Ini-Dia-Bukti-Transfer-Mandiri-Dari-ATM-mBanking-d...', 4),
(210, 2, '2023-07-29', '400000', 'Ini-Dia-Bukti-Transfer-Mandiri-Dari-ATM-mBanking-d...', 4),
(211, 2, '2023-07-30', '1100000', 'Ini-Dia-Bukti-Transfer-Mandiri-Dari-ATM-mBanking-d...', 4),
(212, 2, '2023-07-31', '800000', 'Ini-Dia-Bukti-Transfer-Mandiri-Dari-ATM-mBanking-d...', 4),
(213, 2, '2023-08-01', '500000', 'Ini-Dia-Bukti-Transfer-Mandiri-Dari-ATM-mBanking-d...', 4),
(214, 2, '2023-08-02', '2200000', 'Ini-Dia-Bukti-Transfer-Mandiri-Dari-ATM-mBanking-d...', 4),
(215, 2, '2023-08-03', '1700000', 'Ini-Dia-Bukti-Transfer-Mandiri-Dari-ATM-mBanking-d...', 4),
(216, 2, '2023-08-04', '300000', 'Ini-Dia-Bukti-Transfer-Mandiri-Dari-ATM-mBanking-d...', 4),
(217, 2, '2023-08-05', '500000', 'Ini-Dia-Bukti-Transfer-Mandiri-Dari-ATM-mBanking-d...', 4),
(218, 2, '2023-08-06', '600000', 'Ini-Dia-Bukti-Transfer-Mandiri-Dari-ATM-mBanking-d...', 4),
(219, 2, '2023-08-07', '800000', 'Ini-Dia-Bukti-Transfer-Mandiri-Dari-ATM-mBanking-d...', 4),
(220, 2, '2023-08-08', '800000', 'Ini-Dia-Bukti-Transfer-Mandiri-Dari-ATM-mBanking-d...', 4),
(221, 2, '2023-08-09', '400000', 'Ini-Dia-Bukti-Transfer-Mandiri-Dari-ATM-mBanking-d...', 4),
(222, 2, '2023-08-10', '2500000', 'Ini-Dia-Bukti-Transfer-Mandiri-Dari-ATM-mBanking-d...', 4),
(223, 2, '2023-08-11', '600000', 'Ini-Dia-Bukti-Transfer-Mandiri-Dari-ATM-mBanking-d...', 4),
(224, 2, '2023-08-12', '1400000', 'Ini-Dia-Bukti-Transfer-Mandiri-Dari-ATM-mBanking-d...', 4),
(225, 2, '2023-08-13', '1100000', 'Ini-Dia-Bukti-Transfer-Mandiri-Dari-ATM-mBanking-d...', 4),
(226, 2, '2023-08-14', '1300000', 'Ini-Dia-Bukti-Transfer-Mandiri-Dari-ATM-mBanking-d...', 4),
(227, 2, '2023-08-15', '300000', 'Ini-Dia-Bukti-Transfer-Mandiri-Dari-ATM-mBanking-d...', 4),
(228, 2, '2023-08-16', '700000', 'Ini-Dia-Bukti-Transfer-Mandiri-Dari-ATM-mBanking-d...', 4),
(229, 2, '2023-08-17', '1700000', 'Ini-Dia-Bukti-Transfer-Mandiri-Dari-ATM-mBanking-d...', 4),
(230, 2, '2023-08-18', '300000', 'Ini-Dia-Bukti-Transfer-Mandiri-Dari-ATM-mBanking-d...', 4),
(231, 2, '2023-08-19', '2000000', 'Ini-Dia-Bukti-Transfer-Mandiri-Dari-ATM-mBanking-d...', 4),
(232, 2, '2023-08-20', '500000', 'Ini-Dia-Bukti-Transfer-Mandiri-Dari-ATM-mBanking-d...', 4),
(233, 2, '2023-08-21', '1800000', 'Ini-Dia-Bukti-Transfer-Mandiri-Dari-ATM-mBanking-d...', 4),
(234, 2, '2023-08-22', '2500000', 'Ini-Dia-Bukti-Transfer-Mandiri-Dari-ATM-mBanking-d...', 4),
(235, 2, '2023-08-23', '2500000', 'Ini-Dia-Bukti-Transfer-Mandiri-Dari-ATM-mBanking-d...', 4),
(236, 2, '2023-08-24', '300000', 'Ini-Dia-Bukti-Transfer-Mandiri-Dari-ATM-mBanking-d...', 4),
(237, 2, '2023-08-25', '200000', 'Ini-Dia-Bukti-Transfer-Mandiri-Dari-ATM-mBanking-d...', 4),
(238, 2, '2023-08-26', '2500000', 'Ini-Dia-Bukti-Transfer-Mandiri-Dari-ATM-mBanking-d...', 4),
(239, 2, '2023-08-27', '2000000', 'Ini-Dia-Bukti-Transfer-Mandiri-Dari-ATM-mBanking-d...', 4),
(240, 2, '2023-08-28', '1200000', 'Ini-Dia-Bukti-Transfer-Mandiri-Dari-ATM-mBanking-d...', 4),
(241, 2, '2023-08-29', '2300000', 'Ini-Dia-Bukti-Transfer-Mandiri-Dari-ATM-mBanking-d...', 4),
(242, 2, '2023-08-30', '2200000', 'Ini-Dia-Bukti-Transfer-Mandiri-Dari-ATM-mBanking-d...', 4),
(243, 2, '2023-08-31', '1100000', 'Ini-Dia-Bukti-Transfer-Mandiri-Dari-ATM-mBanking-d...', 4),
(244, 2, '2023-09-01', '1400000', 'Ini-Dia-Bukti-Transfer-Mandiri-Dari-ATM-mBanking-d...', 4),
(245, 2, '2023-09-02', '600000', 'Ini-Dia-Bukti-Transfer-Mandiri-Dari-ATM-mBanking-d...', 4),
(246, 2, '2023-09-03', '600000', 'Ini-Dia-Bukti-Transfer-Mandiri-Dari-ATM-mBanking-d...', 4),
(247, 2, '2023-09-04', '1000000', 'Ini-Dia-Bukti-Transfer-Mandiri-Dari-ATM-mBanking-d...', 4),
(248, 2, '2023-09-05', '2500000', 'Ini-Dia-Bukti-Transfer-Mandiri-Dari-ATM-mBanking-d...', 4),
(249, 2, '2023-09-06', '2500000', 'Ini-Dia-Bukti-Transfer-Mandiri-Dari-ATM-mBanking-d...', 4),
(250, 2, '2023-09-07', '1400000', 'Ini-Dia-Bukti-Transfer-Mandiri-Dari-ATM-mBanking-d...', 4),
(251, 2, '2023-09-08', '2000000', 'Ini-Dia-Bukti-Transfer-Mandiri-Dari-ATM-mBanking-d...', 4),
(252, 2, '2023-09-09', '800000', 'Ini-Dia-Bukti-Transfer-Mandiri-Dari-ATM-mBanking-d...', 4),
(253, 2, '2023-09-10', '800000', 'Ini-Dia-Bukti-Transfer-Mandiri-Dari-ATM-mBanking-d...', 4),
(254, 2, '2023-09-11', '2100000', 'Ini-Dia-Bukti-Transfer-Mandiri-Dari-ATM-mBanking-d...', 4),
(255, 2, '2023-09-12', '1200000', 'Ini-Dia-Bukti-Transfer-Mandiri-Dari-ATM-mBanking-d...', 4),
(256, 2, '2023-09-13', '1400000', 'Ini-Dia-Bukti-Transfer-Mandiri-Dari-ATM-mBanking-d...', 4),
(257, 2, '2023-09-14', '100000', 'Ini-Dia-Bukti-Transfer-Mandiri-Dari-ATM-mBanking-d...', 4),
(258, 2, '2023-09-15', '2000000', 'Ini-Dia-Bukti-Transfer-Mandiri-Dari-ATM-mBanking-d...', 4),
(259, 2, '2023-09-16', '700000', 'Ini-Dia-Bukti-Transfer-Mandiri-Dari-ATM-mBanking-d...', 4),
(260, 2, '2023-09-17', '700000', 'Ini-Dia-Bukti-Transfer-Mandiri-Dari-ATM-mBanking-d...', 4),
(261, 2, '2023-09-18', '2000000', 'Ini-Dia-Bukti-Transfer-Mandiri-Dari-ATM-mBanking-d...', 4),
(262, 2, '2023-09-19', '1100000', 'Ini-Dia-Bukti-Transfer-Mandiri-Dari-ATM-mBanking-d...', 4),
(263, 2, '2023-09-20', '1500000', 'Ini-Dia-Bukti-Transfer-Mandiri-Dari-ATM-mBanking-d...', 4),
(264, 2, '2023-09-21', '1400000', 'Ini-Dia-Bukti-Transfer-Mandiri-Dari-ATM-mBanking-d...', 4),
(265, 2, '2023-09-22', '1900000', 'Ini-Dia-Bukti-Transfer-Mandiri-Dari-ATM-mBanking-d...', 4),
(266, 2, '2023-09-23', '1900000', 'Ini-Dia-Bukti-Transfer-Mandiri-Dari-ATM-mBanking-d...', 4),
(267, 2, '2023-09-24', '1900000', 'Ini-Dia-Bukti-Transfer-Mandiri-Dari-ATM-mBanking-d...', 4),
(268, 2, '2023-09-25', '1600000', 'Ini-Dia-Bukti-Transfer-Mandiri-Dari-ATM-mBanking-d...', 4),
(269, 2, '2023-09-26', '600000', 'Ini-Dia-Bukti-Transfer-Mandiri-Dari-ATM-mBanking-d...', 4),
(270, 2, '2023-09-27', '1800000', 'Ini-Dia-Bukti-Transfer-Mandiri-Dari-ATM-mBanking-d...', 4),
(271, 2, '2023-09-28', '2200000', 'Ini-Dia-Bukti-Transfer-Mandiri-Dari-ATM-mBanking-d...', 4),
(272, 2, '2023-09-29', '1000000', 'Ini-Dia-Bukti-Transfer-Mandiri-Dari-ATM-mBanking-d...', 4),
(273, 2, '2023-09-30', '600000', 'Ini-Dia-Bukti-Transfer-Mandiri-Dari-ATM-mBanking-d...', 4),
(274, 2, '2023-10-01', '700000', 'Ini-Dia-Bukti-Transfer-Mandiri-Dari-ATM-mBanking-d...', 4),
(275, 2, '2023-10-02', '2500000', 'Ini-Dia-Bukti-Transfer-Mandiri-Dari-ATM-mBanking-d...', 4),
(276, 2, '2023-10-03', '1400000', 'Ini-Dia-Bukti-Transfer-Mandiri-Dari-ATM-mBanking-d...', 4),
(277, 2, '2023-10-04', '500000', 'Ini-Dia-Bukti-Transfer-Mandiri-Dari-ATM-mBanking-d...', 4),
(278, 2, '2023-10-05', '500000', 'Ini-Dia-Bukti-Transfer-Mandiri-Dari-ATM-mBanking-d...', 4),
(279, 2, '2023-10-06', '800000', 'Ini-Dia-Bukti-Transfer-Mandiri-Dari-ATM-mBanking-d...', 4),
(280, 2, '2023-10-07', '1600000', 'Ini-Dia-Bukti-Transfer-Mandiri-Dari-ATM-mBanking-d...', 4),
(281, 2, '2023-10-08', '1200000', 'Ini-Dia-Bukti-Transfer-Mandiri-Dari-ATM-mBanking-d...', 4),
(282, 2, '2023-10-09', '1200000', 'Ini-Dia-Bukti-Transfer-Mandiri-Dari-ATM-mBanking-d...', 4),
(283, 2, '2023-10-10', '1000000', 'Ini-Dia-Bukti-Transfer-Mandiri-Dari-ATM-mBanking-d...', 4),
(284, 2, '2023-10-11', '400000', 'Ini-Dia-Bukti-Transfer-Mandiri-Dari-ATM-mBanking-d...', 4),
(285, 2, '2023-10-12', '2500000', 'Ini-Dia-Bukti-Transfer-Mandiri-Dari-ATM-mBanking-d...', 4),
(286, 2, '2023-10-13', '700000', 'Ini-Dia-Bukti-Transfer-Mandiri-Dari-ATM-mBanking-d...', 4),
(287, 2, '2023-10-14', '1900000', 'Ini-Dia-Bukti-Transfer-Mandiri-Dari-ATM-mBanking-d...', 4),
(288, 2, '2023-10-15', '2500000', 'Ini-Dia-Bukti-Transfer-Mandiri-Dari-ATM-mBanking-d...', 4),
(289, 2, '2023-10-16', '1400000', 'Ini-Dia-Bukti-Transfer-Mandiri-Dari-ATM-mBanking-d...', 4),
(290, 2, '2023-10-17', '1100000', 'Ini-Dia-Bukti-Transfer-Mandiri-Dari-ATM-mBanking-d...', 4),
(291, 2, '2023-10-18', '1200000', 'Ini-Dia-Bukti-Transfer-Mandiri-Dari-ATM-mBanking-d...', 4),
(292, 2, '2023-10-19', '2100000', 'Ini-Dia-Bukti-Transfer-Mandiri-Dari-ATM-mBanking-d...', 4),
(293, 2, '2023-10-20', '900000', 'Ini-Dia-Bukti-Transfer-Mandiri-Dari-ATM-mBanking-d...', 4),
(294, 2, '2023-10-21', '1300000', 'Ini-Dia-Bukti-Transfer-Mandiri-Dari-ATM-mBanking-d...', 4),
(295, 2, '2023-10-22', '2500000', 'Ini-Dia-Bukti-Transfer-Mandiri-Dari-ATM-mBanking-d...', 4),
(296, 2, '2023-10-23', '1400000', 'Ini-Dia-Bukti-Transfer-Mandiri-Dari-ATM-mBanking-d...', 4),
(297, 2, '2023-10-24', '1100000', 'Ini-Dia-Bukti-Transfer-Mandiri-Dari-ATM-mBanking-d...', 4),
(298, 2, '2023-10-25', '2000000', 'Ini-Dia-Bukti-Transfer-Mandiri-Dari-ATM-mBanking-d...', 4),
(299, 2, '2023-10-26', '2100000', 'Ini-Dia-Bukti-Transfer-Mandiri-Dari-ATM-mBanking-d...', 4),
(300, 2, '2023-10-27', '1300000', 'Ini-Dia-Bukti-Transfer-Mandiri-Dari-ATM-mBanking-d...', 4),
(301, 2, '2023-10-28', '700000', 'Ini-Dia-Bukti-Transfer-Mandiri-Dari-ATM-mBanking-d...', 4),
(302, 2, '2023-10-29', '300000', 'Ini-Dia-Bukti-Transfer-Mandiri-Dari-ATM-mBanking-d...', 4),
(303, 2, '2023-10-30', '1500000', 'Ini-Dia-Bukti-Transfer-Mandiri-Dari-ATM-mBanking-d...', 4),
(304, 2, '2023-10-31', '1900000', 'Ini-Dia-Bukti-Transfer-Mandiri-Dari-ATM-mBanking-d...', 4),
(305, 2, '2023-11-01', '2300000', 'Ini-Dia-Bukti-Transfer-Mandiri-Dari-ATM-mBanking-d...', 4),
(306, 2, '2023-11-02', '600000', 'Ini-Dia-Bukti-Transfer-Mandiri-Dari-ATM-mBanking-d...', 4),
(307, 2, '2023-11-03', '800000', 'Ini-Dia-Bukti-Transfer-Mandiri-Dari-ATM-mBanking-d...', 4),
(308, 2, '2023-11-04', '600000', 'Ini-Dia-Bukti-Transfer-Mandiri-Dari-ATM-mBanking-d...', 4),
(309, 2, '2023-11-05', '900000', 'Ini-Dia-Bukti-Transfer-Mandiri-Dari-ATM-mBanking-d...', 4),
(310, 2, '2023-11-06', '1700000', 'Ini-Dia-Bukti-Transfer-Mandiri-Dari-ATM-mBanking-d...', 4),
(311, 2, '2023-11-07', '600000', 'Ini-Dia-Bukti-Transfer-Mandiri-Dari-ATM-mBanking-d...', 4),
(312, 2, '2023-11-08', '1100000', 'Ini-Dia-Bukti-Transfer-Mandiri-Dari-ATM-mBanking-d...', 4),
(313, 2, '2023-11-09', '2500000', 'Ini-Dia-Bukti-Transfer-Mandiri-Dari-ATM-mBanking-d...', 4),
(314, 2, '2023-11-10', '1300000', 'Ini-Dia-Bukti-Transfer-Mandiri-Dari-ATM-mBanking-d...', 4),
(315, 2, '2023-11-11', '1700000', 'Ini-Dia-Bukti-Transfer-Mandiri-Dari-ATM-mBanking-d...', 4),
(316, 2, '2023-11-12', '1800000', 'Ini-Dia-Bukti-Transfer-Mandiri-Dari-ATM-mBanking-d...', 4),
(317, 2, '2023-11-13', '800000', 'Ini-Dia-Bukti-Transfer-Mandiri-Dari-ATM-mBanking-d...', 4),
(318, 2, '2023-11-14', '1400000', 'Ini-Dia-Bukti-Transfer-Mandiri-Dari-ATM-mBanking-d...', 4),
(319, 2, '2023-11-15', '2500000', 'Ini-Dia-Bukti-Transfer-Mandiri-Dari-ATM-mBanking-d...', 4),
(320, 2, '2023-11-16', '1800000', 'Ini-Dia-Bukti-Transfer-Mandiri-Dari-ATM-mBanking-d...', 4),
(321, 2, '2023-11-17', '2400000', 'Ini-Dia-Bukti-Transfer-Mandiri-Dari-ATM-mBanking-d...', 4),
(322, 2, '2023-11-18', '700000', 'Ini-Dia-Bukti-Transfer-Mandiri-Dari-ATM-mBanking-d...', 4),
(323, 2, '2023-11-19', '400000', 'Ini-Dia-Bukti-Transfer-Mandiri-Dari-ATM-mBanking-d...', 4),
(324, 2, '2023-11-20', '1100000', 'Ini-Dia-Bukti-Transfer-Mandiri-Dari-ATM-mBanking-d...', 4),
(325, 2, '2023-11-21', '1500000', 'Ini-Dia-Bukti-Transfer-Mandiri-Dari-ATM-mBanking-d...', 4),
(326, 2, '2023-11-22', '2100000', 'Ini-Dia-Bukti-Transfer-Mandiri-Dari-ATM-mBanking-d...', 4),
(327, 2, '2023-11-23', '2000000', 'Ini-Dia-Bukti-Transfer-Mandiri-Dari-ATM-mBanking-d...', 4),
(328, 2, '2023-11-24', '2500000', 'Ini-Dia-Bukti-Transfer-Mandiri-Dari-ATM-mBanking-d...', 4),
(329, 2, '2023-11-25', '1200000', 'Ini-Dia-Bukti-Transfer-Mandiri-Dari-ATM-mBanking-d...', 4),
(330, 2, '2023-11-26', '2200000', 'Ini-Dia-Bukti-Transfer-Mandiri-Dari-ATM-mBanking-d...', 4),
(331, 2, '2023-11-27', '300000', 'Ini-Dia-Bukti-Transfer-Mandiri-Dari-ATM-mBanking-d...', 4),
(332, 2, '2023-11-28', '700000', 'Ini-Dia-Bukti-Transfer-Mandiri-Dari-ATM-mBanking-d...', 4),
(333, 2, '2023-11-29', '1900000', 'Ini-Dia-Bukti-Transfer-Mandiri-Dari-ATM-mBanking-d...', 4),
(334, 2, '2023-11-30', '1200000', 'Ini-Dia-Bukti-Transfer-Mandiri-Dari-ATM-mBanking-d...', 4),
(335, 2, '2023-12-01', '700000', 'Ini-Dia-Bukti-Transfer-Mandiri-Dari-ATM-mBanking-d...', 4),
(336, 2, '2023-12-02', '1100000', 'Ini-Dia-Bukti-Transfer-Mandiri-Dari-ATM-mBanking-d...', 4),
(337, 2, '2023-12-03', '2000000', 'Ini-Dia-Bukti-Transfer-Mandiri-Dari-ATM-mBanking-d...', 4),
(338, 2, '2023-12-04', '1900000', 'Ini-Dia-Bukti-Transfer-Mandiri-Dari-ATM-mBanking-d...', 4),
(339, 2, '2023-12-05', '300000', 'Ini-Dia-Bukti-Transfer-Mandiri-Dari-ATM-mBanking-d...', 4),
(340, 2, '2023-12-06', '400000', 'Ini-Dia-Bukti-Transfer-Mandiri-Dari-ATM-mBanking-d...', 4),
(341, 2, '2023-12-07', '900000', 'Ini-Dia-Bukti-Transfer-Mandiri-Dari-ATM-mBanking-d...', 4),
(342, 2, '2023-12-08', '200000', 'Ini-Dia-Bukti-Transfer-Mandiri-Dari-ATM-mBanking-d...', 4),
(343, 2, '2023-12-09', '2000000', 'Ini-Dia-Bukti-Transfer-Mandiri-Dari-ATM-mBanking-d...', 4),
(344, 2, '2023-12-10', '2100000', 'Ini-Dia-Bukti-Transfer-Mandiri-Dari-ATM-mBanking-d...', 4),
(345, 2, '2023-12-11', '800000', 'Ini-Dia-Bukti-Transfer-Mandiri-Dari-ATM-mBanking-d...', 4),
(346, 2, '2023-12-12', '600000', 'Ini-Dia-Bukti-Transfer-Mandiri-Dari-ATM-mBanking-d...', 4),
(347, 2, '2023-12-13', '2000000', 'Ini-Dia-Bukti-Transfer-Mandiri-Dari-ATM-mBanking-d...', 4),
(348, 2, '2023-12-14', '1900000', 'Ini-Dia-Bukti-Transfer-Mandiri-Dari-ATM-mBanking-d...', 4),
(349, 2, '2023-12-15', '100000', 'Ini-Dia-Bukti-Transfer-Mandiri-Dari-ATM-mBanking-d...', 4),
(350, 2, '2023-12-16', '1300000', 'Ini-Dia-Bukti-Transfer-Mandiri-Dari-ATM-mBanking-d...', 4),
(351, 2, '2023-12-17', '400000', 'Ini-Dia-Bukti-Transfer-Mandiri-Dari-ATM-mBanking-d...', 4),
(352, 2, '2023-12-18', '1100000', 'Ini-Dia-Bukti-Transfer-Mandiri-Dari-ATM-mBanking-d...', 4),
(353, 2, '2023-12-19', '1700000', 'Ini-Dia-Bukti-Transfer-Mandiri-Dari-ATM-mBanking-d...', 4),
(354, 2, '2023-12-20', '1300000', 'Ini-Dia-Bukti-Transfer-Mandiri-Dari-ATM-mBanking-d...', 4),
(355, 2, '2023-12-21', '1500000', 'Ini-Dia-Bukti-Transfer-Mandiri-Dari-ATM-mBanking-d...', 4),
(356, 2, '2023-12-22', '600000', 'Ini-Dia-Bukti-Transfer-Mandiri-Dari-ATM-mBanking-d...', 4),
(357, 2, '2023-12-23', '400000', 'Ini-Dia-Bukti-Transfer-Mandiri-Dari-ATM-mBanking-d...', 4),
(358, 2, '2023-12-24', '2300000', 'Ini-Dia-Bukti-Transfer-Mandiri-Dari-ATM-mBanking-d...', 4),
(359, 2, '2023-12-25', '800000', 'Ini-Dia-Bukti-Transfer-Mandiri-Dari-ATM-mBanking-d...', 4),
(360, 2, '2023-12-26', '1600000', 'Ini-Dia-Bukti-Transfer-Mandiri-Dari-ATM-mBanking-d...', 4),
(361, 2, '2023-12-27', '1700000', 'Ini-Dia-Bukti-Transfer-Mandiri-Dari-ATM-mBanking-d...', 4),
(362, 2, '2023-12-28', '100000', 'Ini-Dia-Bukti-Transfer-Mandiri-Dari-ATM-mBanking-d...', 4),
(363, 2, '2023-12-29', '2300000', 'Ini-Dia-Bukti-Transfer-Mandiri-Dari-ATM-mBanking-d...', 4),
(364, 2, '2023-12-30', '2400000', 'Ini-Dia-Bukti-Transfer-Mandiri-Dari-ATM-mBanking-d...', 4),
(365, 2, '2023-12-31', '1700000', 'Ini-Dia-Bukti-Transfer-Mandiri-Dari-ATM-mBanking-d...', 4),
(366, 2, '2024-01-01', '1300000', 'Ini-Dia-Bukti-Transfer-Mandiri-Dari-ATM-mBanking-d...', 4),
(367, 2, '2024-01-02', '2200000', 'Ini-Dia-Bukti-Transfer-Mandiri-Dari-ATM-mBanking-d...', 4),
(368, 2, '2024-01-03', '900000', 'Ini-Dia-Bukti-Transfer-Mandiri-Dari-ATM-mBanking-d...', 4),
(369, 2, '2024-01-04', '1700000', 'Ini-Dia-Bukti-Transfer-Mandiri-Dari-ATM-mBanking-d...', 4),
(370, 2, '2024-01-05', '1800000', 'Ini-Dia-Bukti-Transfer-Mandiri-Dari-ATM-mBanking-d...', 4),
(371, 2, '2024-01-06', '1900000', 'Ini-Dia-Bukti-Transfer-Mandiri-Dari-ATM-mBanking-d...', 4),
(372, 2, '2024-01-07', '2500000', 'Ini-Dia-Bukti-Transfer-Mandiri-Dari-ATM-mBanking-d...', 4),
(373, 2, '2024-01-08', '1800000', 'Ini-Dia-Bukti-Transfer-Mandiri-Dari-ATM-mBanking-d...', 4),
(374, 2, '2024-01-09', '1900000', 'Ini-Dia-Bukti-Transfer-Mandiri-Dari-ATM-mBanking-d...', 4),
(375, 2, '2024-01-10', '1400000', 'Ini-Dia-Bukti-Transfer-Mandiri-Dari-ATM-mBanking-d...', 4),
(376, 2, '2024-01-11', '1600000', 'Ini-Dia-Bukti-Transfer-Mandiri-Dari-ATM-mBanking-d...', 4),
(377, 2, '2024-01-12', '2300000', 'Ini-Dia-Bukti-Transfer-Mandiri-Dari-ATM-mBanking-d...', 4),
(378, 2, '2024-01-13', '2200000', 'Ini-Dia-Bukti-Transfer-Mandiri-Dari-ATM-mBanking-d...', 4),
(379, 2, '2024-01-14', '600000', 'Ini-Dia-Bukti-Transfer-Mandiri-Dari-ATM-mBanking-d...', 4),
(380, 2, '2024-01-15', '700000', 'Ini-Dia-Bukti-Transfer-Mandiri-Dari-ATM-mBanking-d...', 4),
(381, 2, '2024-01-16', '1800000', 'Ini-Dia-Bukti-Transfer-Mandiri-Dari-ATM-mBanking-d...', 4),
(382, 2, '2024-01-17', '2100000', 'Ini-Dia-Bukti-Transfer-Mandiri-Dari-ATM-mBanking-d...', 4),
(383, 2, '2024-01-18', '1900000', 'Ini-Dia-Bukti-Transfer-Mandiri-Dari-ATM-mBanking-d...', 4),
(384, 2, '2024-01-19', '400000', 'Ini-Dia-Bukti-Transfer-Mandiri-Dari-ATM-mBanking-d...', 4),
(385, 2, '2024-01-20', '900000', 'Ini-Dia-Bukti-Transfer-Mandiri-Dari-ATM-mBanking-d...', 4),
(386, 2, '2024-01-21', '100000', 'Ini-Dia-Bukti-Transfer-Mandiri-Dari-ATM-mBanking-d...', 4),
(387, 2, '2024-01-22', '300000', 'Ini-Dia-Bukti-Transfer-Mandiri-Dari-ATM-mBanking-d...', 4),
(388, 2, '2024-01-23', '600000', 'Ini-Dia-Bukti-Transfer-Mandiri-Dari-ATM-mBanking-d...', 4),
(389, 2, '2024-01-24', '200000', 'Ini-Dia-Bukti-Transfer-Mandiri-Dari-ATM-mBanking-d...', 4),
(390, 2, '2024-01-25', '700000', 'Ini-Dia-Bukti-Transfer-Mandiri-Dari-ATM-mBanking-d...', 4),
(391, 2, '2024-01-26', '1200000', 'Ini-Dia-Bukti-Transfer-Mandiri-Dari-ATM-mBanking-d...', 4),
(392, 2, '2024-01-27', '2000000', 'Ini-Dia-Bukti-Transfer-Mandiri-Dari-ATM-mBanking-d...', 4),
(393, 2, '2024-01-28', '500000', 'Ini-Dia-Bukti-Transfer-Mandiri-Dari-ATM-mBanking-d...', 4),
(394, 2, '2024-01-29', '300000', 'Ini-Dia-Bukti-Transfer-Mandiri-Dari-ATM-mBanking-d...', 4),
(395, 2, '2024-01-30', '500000', 'Ini-Dia-Bukti-Transfer-Mandiri-Dari-ATM-mBanking-d...', 4),
(396, 2, '2024-01-31', '500000', 'Ini-Dia-Bukti-Transfer-Mandiri-Dari-ATM-mBanking-d...', 4),
(397, 2, '2024-02-01', '1100000', 'Ini-Dia-Bukti-Transfer-Mandiri-Dari-ATM-mBanking-d...', 4),
(398, 2, '2024-02-02', '800000', 'Ini-Dia-Bukti-Transfer-Mandiri-Dari-ATM-mBanking-d...', 4),
(399, 2, '2024-02-03', '800000', 'Ini-Dia-Bukti-Transfer-Mandiri-Dari-ATM-mBanking-d...', 4),
(400, 2, '2024-02-04', '2500000', 'Ini-Dia-Bukti-Transfer-Mandiri-Dari-ATM-mBanking-d...', 4),
(401, 2, '2024-02-05', '1700000', 'Ini-Dia-Bukti-Transfer-Mandiri-Dari-ATM-mBanking-d...', 4),
(402, 2, '2024-02-06', '2300000', 'Ini-Dia-Bukti-Transfer-Mandiri-Dari-ATM-mBanking-d...', 4),
(403, 2, '2024-02-07', '600000', 'Ini-Dia-Bukti-Transfer-Mandiri-Dari-ATM-mBanking-d...', 4),
(404, 2, '2024-02-08', '2100000', 'Ini-Dia-Bukti-Transfer-Mandiri-Dari-ATM-mBanking-d...', 4),
(405, 2, '2024-02-09', '1100000', 'Ini-Dia-Bukti-Transfer-Mandiri-Dari-ATM-mBanking-d...', 4),
(406, 2, '2024-02-10', '900000', 'Ini-Dia-Bukti-Transfer-Mandiri-Dari-ATM-mBanking-d...', 4),
(407, 2, '2024-02-11', '800000', 'Ini-Dia-Bukti-Transfer-Mandiri-Dari-ATM-mBanking-d...', 4),
(408, 2, '2024-02-12', '200000', 'Ini-Dia-Bukti-Transfer-Mandiri-Dari-ATM-mBanking-d...', 4),
(409, 2, '2024-02-13', '1000000', 'Ini-Dia-Bukti-Transfer-Mandiri-Dari-ATM-mBanking-d...', 4),
(410, 2, '2024-02-14', '2200000', 'Ini-Dia-Bukti-Transfer-Mandiri-Dari-ATM-mBanking-d...', 4),
(411, 2, '2024-02-15', '1400000', 'Ini-Dia-Bukti-Transfer-Mandiri-Dari-ATM-mBanking-d...', 4),
(412, 2, '2024-02-16', '1900000', 'Ini-Dia-Bukti-Transfer-Mandiri-Dari-ATM-mBanking-d...', 4),
(413, 2, '2024-02-17', '400000', 'Ini-Dia-Bukti-Transfer-Mandiri-Dari-ATM-mBanking-d...', 4),
(414, 2, '2024-02-18', '1700000', 'Ini-Dia-Bukti-Transfer-Mandiri-Dari-ATM-mBanking-d...', 4),
(415, 2, '2024-02-19', '1400000', 'Ini-Dia-Bukti-Transfer-Mandiri-Dari-ATM-mBanking-d...', 4),
(416, 2, '2024-02-20', '400000', 'Ini-Dia-Bukti-Transfer-Mandiri-Dari-ATM-mBanking-d...', 4),
(417, 2, '2024-02-21', '200000', 'Ini-Dia-Bukti-Transfer-Mandiri-Dari-ATM-mBanking-d...', 4),
(418, 2, '2024-02-22', '400000', 'Ini-Dia-Bukti-Transfer-Mandiri-Dari-ATM-mBanking-d...', 4),
(419, 2, '2024-02-23', '800000', 'Ini-Dia-Bukti-Transfer-Mandiri-Dari-ATM-mBanking-d...', 4),
(420, 2, '2024-02-24', '100000', 'Ini-Dia-Bukti-Transfer-Mandiri-Dari-ATM-mBanking-d...', 4),
(421, 2, '2024-02-25', '2100000', 'Ini-Dia-Bukti-Transfer-Mandiri-Dari-ATM-mBanking-d...', 4),
(422, 2, '2024-02-26', '700000', 'Ini-Dia-Bukti-Transfer-Mandiri-Dari-ATM-mBanking-d...', 4),
(423, 2, '2024-02-27', '100000', 'Ini-Dia-Bukti-Transfer-Mandiri-Dari-ATM-mBanking-d...', 4),
(424, 2, '2024-02-28', '2300000', 'Ini-Dia-Bukti-Transfer-Mandiri-Dari-ATM-mBanking-d...', 4),
(425, 2, '2024-02-29', '2400000', 'Ini-Dia-Bukti-Transfer-Mandiri-Dari-ATM-mBanking-d...', 4),
(426, 2, '2024-03-01', '600000', 'Ini-Dia-Bukti-Transfer-Mandiri-Dari-ATM-mBanking-d...', 4),
(427, 2, '2024-03-02', '1300000', 'Ini-Dia-Bukti-Transfer-Mandiri-Dari-ATM-mBanking-d...', 4),
(428, 2, '2024-03-03', '1600000', 'Ini-Dia-Bukti-Transfer-Mandiri-Dari-ATM-mBanking-d...', 4),
(429, 2, '2024-03-04', '1300000', 'Ini-Dia-Bukti-Transfer-Mandiri-Dari-ATM-mBanking-d...', 4),
(430, 2, '2024-03-05', '1000000', 'Ini-Dia-Bukti-Transfer-Mandiri-Dari-ATM-mBanking-d...', 4),
(431, 2, '2024-03-06', '1700000', 'Ini-Dia-Bukti-Transfer-Mandiri-Dari-ATM-mBanking-d...', 4),
(432, 2, '2024-03-07', '1800000', 'Ini-Dia-Bukti-Transfer-Mandiri-Dari-ATM-mBanking-d...', 4),
(433, 2, '2024-03-08', '2300000', 'Ini-Dia-Bukti-Transfer-Mandiri-Dari-ATM-mBanking-d...', 4),
(434, 2, '2024-03-09', '1900000', 'Ini-Dia-Bukti-Transfer-Mandiri-Dari-ATM-mBanking-d...', 4),
(435, 2, '2024-03-10', '1900000', 'Ini-Dia-Bukti-Transfer-Mandiri-Dari-ATM-mBanking-d...', 4),
(436, 2, '2024-03-11', '1400000', 'Ini-Dia-Bukti-Transfer-Mandiri-Dari-ATM-mBanking-d...', 4),
(437, 2, '2024-03-12', '600000', 'Ini-Dia-Bukti-Transfer-Mandiri-Dari-ATM-mBanking-d...', 4),
(438, 2, '2024-03-13', '400000', 'Ini-Dia-Bukti-Transfer-Mandiri-Dari-ATM-mBanking-d...', 4),
(439, 2, '2024-03-14', '1600000', 'Ini-Dia-Bukti-Transfer-Mandiri-Dari-ATM-mBanking-d...', 4),
(440, 2, '2024-03-15', '2300000', 'Ini-Dia-Bukti-Transfer-Mandiri-Dari-ATM-mBanking-d...', 4),
(441, 2, '2024-03-16', '1700000', 'Ini-Dia-Bukti-Transfer-Mandiri-Dari-ATM-mBanking-d...', 4),
(442, 2, '2024-03-17', '2300000', 'Ini-Dia-Bukti-Transfer-Mandiri-Dari-ATM-mBanking-d...', 4),
(443, 2, '2024-03-18', '2300000', 'Ini-Dia-Bukti-Transfer-Mandiri-Dari-ATM-mBanking-d...', 4),
(444, 2, '2024-03-19', '900000', 'Ini-Dia-Bukti-Transfer-Mandiri-Dari-ATM-mBanking-d...', 4),
(445, 2, '2024-03-20', '1300000', 'Ini-Dia-Bukti-Transfer-Mandiri-Dari-ATM-mBanking-d...', 4),
(446, 2, '2024-03-21', '2000000', 'Ini-Dia-Bukti-Transfer-Mandiri-Dari-ATM-mBanking-d...', 4),
(447, 2, '2024-03-22', '100000', 'Ini-Dia-Bukti-Transfer-Mandiri-Dari-ATM-mBanking-d...', 4),
(448, 2, '2024-03-23', '200000', 'Ini-Dia-Bukti-Transfer-Mandiri-Dari-ATM-mBanking-d...', 4),
(449, 2, '2024-03-24', '1700000', 'Ini-Dia-Bukti-Transfer-Mandiri-Dari-ATM-mBanking-d...', 4),
(450, 2, '2024-03-25', '200000', 'Ini-Dia-Bukti-Transfer-Mandiri-Dari-ATM-mBanking-d...', 4),
(451, 2, '2024-03-26', '2100000', 'Ini-Dia-Bukti-Transfer-Mandiri-Dari-ATM-mBanking-d...', 4),
(452, 2, '2024-03-27', '2000000', 'Ini-Dia-Bukti-Transfer-Mandiri-Dari-ATM-mBanking-d...', 4),
(453, 2, '2024-03-28', '1600000', 'Ini-Dia-Bukti-Transfer-Mandiri-Dari-ATM-mBanking-d...', 4),
(454, 2, '2024-03-29', '500000', 'Ini-Dia-Bukti-Transfer-Mandiri-Dari-ATM-mBanking-d...', 4),
(455, 2, '2024-03-30', '1800000', 'Ini-Dia-Bukti-Transfer-Mandiri-Dari-ATM-mBanking-d...', 4),
(456, 2, '2024-03-31', '1300000', 'Ini-Dia-Bukti-Transfer-Mandiri-Dari-ATM-mBanking-d...', 4),
(457, 2, '2024-04-01', '900000', 'Ini-Dia-Bukti-Transfer-Mandiri-Dari-ATM-mBanking-d...', 4),
(458, 2, '2024-04-02', '2000000', 'Ini-Dia-Bukti-Transfer-Mandiri-Dari-ATM-mBanking-d...', 4),
(459, 2, '2024-04-03', '2400000', 'Ini-Dia-Bukti-Transfer-Mandiri-Dari-ATM-mBanking-d...', 4),
(460, 2, '2024-04-04', '2000000', 'Ini-Dia-Bukti-Transfer-Mandiri-Dari-ATM-mBanking-d...', 4),
(461, 2, '2024-04-05', '1600000', 'Ini-Dia-Bukti-Transfer-Mandiri-Dari-ATM-mBanking-d...', 4),
(462, 2, '2024-04-06', '200000', 'Ini-Dia-Bukti-Transfer-Mandiri-Dari-ATM-mBanking-d...', 4),
(463, 2, '2024-04-07', '900000', 'Ini-Dia-Bukti-Transfer-Mandiri-Dari-ATM-mBanking-d...', 4),
(464, 2, '2024-04-08', '1100000', 'Ini-Dia-Bukti-Transfer-Mandiri-Dari-ATM-mBanking-d...', 4),
(465, 2, '2024-04-09', '900000', 'Ini-Dia-Bukti-Transfer-Mandiri-Dari-ATM-mBanking-d...', 4),
(466, 2, '2024-04-10', '2100000', 'Ini-Dia-Bukti-Transfer-Mandiri-Dari-ATM-mBanking-d...', 4),
(467, 2, '2024-04-11', '800000', 'Ini-Dia-Bukti-Transfer-Mandiri-Dari-ATM-mBanking-d...', 4),
(468, 2, '2024-04-12', '2400000', 'Ini-Dia-Bukti-Transfer-Mandiri-Dari-ATM-mBanking-d...', 4),
(469, 2, '2024-04-13', '2400000', 'Ini-Dia-Bukti-Transfer-Mandiri-Dari-ATM-mBanking-d...', 4),
(470, 2, '2024-04-14', '1200000', 'Ini-Dia-Bukti-Transfer-Mandiri-Dari-ATM-mBanking-d...', 4),
(471, 2, '2024-04-15', '2000000', 'Ini-Dia-Bukti-Transfer-Mandiri-Dari-ATM-mBanking-d...', 4),
(472, 2, '2024-04-16', '1600000', 'Ini-Dia-Bukti-Transfer-Mandiri-Dari-ATM-mBanking-d...', 4),
(473, 2, '2024-04-17', '700000', 'Ini-Dia-Bukti-Transfer-Mandiri-Dari-ATM-mBanking-d...', 4),
(474, 2, '2024-04-18', '600000', 'Ini-Dia-Bukti-Transfer-Mandiri-Dari-ATM-mBanking-d...', 4),
(475, 2, '2024-04-19', '1500000', 'Ini-Dia-Bukti-Transfer-Mandiri-Dari-ATM-mBanking-d...', 4),
(476, 2, '2024-04-20', '900000', 'Ini-Dia-Bukti-Transfer-Mandiri-Dari-ATM-mBanking-d...', 4),
(477, 2, '2024-04-21', '1100000', 'Ini-Dia-Bukti-Transfer-Mandiri-Dari-ATM-mBanking-d...', 4),
(478, 2, '2024-04-22', '1400000', 'Ini-Dia-Bukti-Transfer-Mandiri-Dari-ATM-mBanking-d...', 4),
(479, 2, '2024-04-23', '2400000', 'Ini-Dia-Bukti-Transfer-Mandiri-Dari-ATM-mBanking-d...', 4),
(480, 2, '2024-04-24', '2500000', 'Ini-Dia-Bukti-Transfer-Mandiri-Dari-ATM-mBanking-d...', 4),
(481, 2, '2024-04-25', '1700000', 'Ini-Dia-Bukti-Transfer-Mandiri-Dari-ATM-mBanking-d...', 4),
(482, 2, '2024-04-26', '100000', 'Ini-Dia-Bukti-Transfer-Mandiri-Dari-ATM-mBanking-d...', 4),
(483, 2, '2024-04-27', '1400000', '0', 0);

-- --------------------------------------------------------

--
-- Table structure for table `user`
--

CREATE TABLE `user` (
  `id_user` int(11) NOT NULL,
  `nama` varchar(125) NOT NULL,
  `alamat` text NOT NULL,
  `no_hp` varchar(15) NOT NULL,
  `username` varchar(125) NOT NULL,
  `password` varchar(125) NOT NULL,
  `level_user` int(11) NOT NULL
) ENGINE=InnoDB DEFAULT CHARSET=latin1;

--
-- Dumping data for table `user`
--

INSERT INTO `user` (`id_user`, `nama`, `alamat`, `no_hp`, `username`, `password`, `level_user`) VALUES
(1, 'Admin', 'Kuningan', '089987654323', 'admin', 'admin', 1),
(2, 'Supplier 1', 'Kuningan', '089987654543', 'supplier1', 'supplier1', 2),
(3, 'Gudang', 'Kuningan', '089987654543', 'gudang', 'gudang', 4),
(4, 'Pemilik', 'Kuningan', '08512232123', 'pemilik', 'pemilik', 3);

--
-- Indexes for dumped tables
--

--
-- Indexes for table `bahan_baku`
--
ALTER TABLE `bahan_baku`
  ADD PRIMARY KEY (`id_bb`);

--
-- Indexes for table `bb_keluar`
--
ALTER TABLE `bb_keluar`
  ADD PRIMARY KEY (`id_bb_keluar`);

--
-- Indexes for table `detail_transaksi`
--
ALTER TABLE `detail_transaksi`
  ADD PRIMARY KEY (`id_detail`);

--
-- Indexes for table `peramalan`
--
ALTER TABLE `peramalan`
  ADD PRIMARY KEY (`id_peramalan`);

--
-- Indexes for table `transaksi`
--
ALTER TABLE `transaksi`
  ADD PRIMARY KEY (`id_transaksi`);

--
-- Indexes for table `user`
--
ALTER TABLE `user`
  ADD PRIMARY KEY (`id_user`);

--
-- AUTO_INCREMENT for dumped tables
--

--
-- AUTO_INCREMENT for table `bahan_baku`
--
ALTER TABLE `bahan_baku`
  MODIFY `id_bb` int(11) NOT NULL AUTO_INCREMENT, AUTO_INCREMENT=6;

--
-- AUTO_INCREMENT for table `bb_keluar`
--
ALTER TABLE `bb_keluar`
  MODIFY `id_bb_keluar` int(11) NOT NULL AUTO_INCREMENT, AUTO_INCREMENT=3;

--
-- AUTO_INCREMENT for table `detail_transaksi`
--
ALTER TABLE `detail_transaksi`
  MODIFY `id_detail` int(11) NOT NULL AUTO_INCREMENT, AUTO_INCREMENT=484;

--
-- AUTO_INCREMENT for table `peramalan`
--
ALTER TABLE `peramalan`
  MODIFY `id_peramalan` int(11) NOT NULL AUTO_INCREMENT, AUTO_INCREMENT=33;

--
-- AUTO_INCREMENT for table `transaksi`
--
ALTER TABLE `transaksi`
  MODIFY `id_transaksi` int(11) NOT NULL AUTO_INCREMENT, AUTO_INCREMENT=484;

--
-- AUTO_INCREMENT for table `user`
--
ALTER TABLE `user`
  MODIFY `id_user` int(11) NOT NULL AUTO_INCREMENT, AUTO_INCREMENT=5;
COMMIT;

/*!40101 SET CHARACTER_SET_CLIENT=@OLD_CHARACTER_SET_CLIENT */;
/*!40101 SET CHARACTER_SET_RESULTS=@OLD_CHARACTER_SET_RESULTS */;
/*!40101 SET COLLATION_CONNECTION=@OLD_COLLATION_CONNECTION */;
